﻿id_candidate_seq	id_candidate_num	cat_candidate_name	cat_state	cat_party	cat_coalition	cat_composition	cat_eletion_result	num_turn	num_votes	cat_political_office
280000000001	16	JOSÉ MARIA DE ALMEIDA	AC	PSTU	PARTIDO ISOLADO	PSTU	NÃO ELEITO	1	112	Presidente
280000000001	16	JOSÉ MARIA DE ALMEIDA	AL	PSTU	PARTIDO ISOLADO	PSTU	NÃO ELEITO	1	1197	Presidente
280000000001	16	JOSÉ MARIA DE ALMEIDA	AM	PSTU	PARTIDO ISOLADO	PSTU	NÃO ELEITO	1	1353	Presidente
280000000001	16	JOSÉ MARIA DE ALMEIDA	AP	PSTU	PARTIDO ISOLADO	PSTU	NÃO ELEITO	1	1122	Presidente
280000000001	16	JOSÉ MARIA DE ALMEIDA	BA	PSTU	PARTIDO ISOLADO	PSTU	NÃO ELEITO	1	3508	Presidente
280000000001	16	JOSÉ MARIA DE ALMEIDA	CE	PSTU	PARTIDO ISOLADO	PSTU	NÃO ELEITO	1	4661	Presidente
280000000001	16	JOSÉ MARIA DE ALMEIDA	DF	PSTU	PARTIDO ISOLADO	PSTU	NÃO ELEITO	1	1495	Presidente
280000000001	16	JOSÉ MARIA DE ALMEIDA	ES	PSTU	PARTIDO ISOLADO	PSTU	NÃO ELEITO	1	1313	Presidente
280000000001	16	JOSÉ MARIA DE ALMEIDA	GO	PSTU	PARTIDO ISOLADO	PSTU	NÃO ELEITO	1	1765	Presidente
280000000001	16	JOSÉ MARIA DE ALMEIDA	MA	PSTU	PARTIDO ISOLADO	PSTU	NÃO ELEITO	1	4340	Presidente
280000000001	16	JOSÉ MARIA DE ALMEIDA	MG	PSTU	PARTIDO ISOLADO	PSTU	NÃO ELEITO	1	8358	Presidente
280000000001	16	JOSÉ MARIA DE ALMEIDA	MS	PSTU	PARTIDO ISOLADO	PSTU	NÃO ELEITO	1	977	Presidente
280000000001	16	JOSÉ MARIA DE ALMEIDA	MT	PSTU	PARTIDO ISOLADO	PSTU	NÃO ELEITO	1	474	Presidente
280000000001	16	JOSÉ MARIA DE ALMEIDA	PA	PSTU	PARTIDO ISOLADO	PSTU	NÃO ELEITO	1	3012	Presidente
280000000001	16	JOSÉ MARIA DE ALMEIDA	PB	PSTU	PARTIDO ISOLADO	PSTU	NÃO ELEITO	1	1071	Presidente
280000000001	16	JOSÉ MARIA DE ALMEIDA	PE	PSTU	PARTIDO ISOLADO	PSTU	NÃO ELEITO	1	2760	Presidente
280000000001	16	JOSÉ MARIA DE ALMEIDA	PI	PSTU	PARTIDO ISOLADO	PSTU	NÃO ELEITO	1	1456	Presidente
280000000001	16	JOSÉ MARIA DE ALMEIDA	PR	PSTU	PARTIDO ISOLADO	PSTU	NÃO ELEITO	1	4552	Presidente
280000000001	16	JOSÉ MARIA DE ALMEIDA	RJ	PSTU	PARTIDO ISOLADO	PSTU	NÃO ELEITO	1	14430	Presidente
280000000001	16	JOSÉ MARIA DE ALMEIDA	RN	PSTU	PARTIDO ISOLADO	PSTU	NÃO ELEITO	1	2830	Presidente
280000000001	16	JOSÉ MARIA DE ALMEIDA	RO	PSTU	PARTIDO ISOLADO	PSTU	NÃO ELEITO	1	429	Presidente
280000000001	16	JOSÉ MARIA DE ALMEIDA	RR	PSTU	PARTIDO ISOLADO	PSTU	NÃO ELEITO	1	209	Presidente
280000000001	16	JOSÉ MARIA DE ALMEIDA	RS	PSTU	PARTIDO ISOLADO	PSTU	NÃO ELEITO	1	4083	Presidente
280000000001	16	JOSÉ MARIA DE ALMEIDA	SC	PSTU	PARTIDO ISOLADO	PSTU	NÃO ELEITO	1	3975	Presidente
280000000001	16	JOSÉ MARIA DE ALMEIDA	SE	PSTU	PARTIDO ISOLADO	PSTU	NÃO ELEITO	1	1703	Presidente
280000000001	16	JOSÉ MARIA DE ALMEIDA	SP	PSTU	PARTIDO ISOLADO	PSTU	NÃO ELEITO	1	19129	Presidente
280000000001	16	JOSÉ MARIA DE ALMEIDA	TO	PSTU	PARTIDO ISOLADO	PSTU	NÃO ELEITO	1	247	Presidente
280000000001	16	JOSÉ MARIA DE ALMEIDA	ZZ	PSTU	PARTIDO ISOLADO	PSTU	NÃO ELEITO	1	648	Presidente
280000000021	28	JOSÉ LEVY FIDELIX DA CRUZ	AC	PRTB	PARTIDO ISOLADO	PRTB	NÃO ELEITO	1	639	Presidente
280000000021	28	JOSÉ LEVY FIDELIX DA CRUZ	AL	PRTB	PARTIDO ISOLADO	PRTB	NÃO ELEITO	1	7069	Presidente
280000000021	28	JOSÉ LEVY FIDELIX DA CRUZ	AM	PRTB	PARTIDO ISOLADO	PRTB	NÃO ELEITO	1	10261	Presidente
280000000021	28	JOSÉ LEVY FIDELIX DA CRUZ	AP	PRTB	PARTIDO ISOLADO	PRTB	NÃO ELEITO	1	1549	Presidente
280000000021	28	JOSÉ LEVY FIDELIX DA CRUZ	BA	PRTB	PARTIDO ISOLADO	PRTB	NÃO ELEITO	1	15336	Presidente
280000000021	28	JOSÉ LEVY FIDELIX DA CRUZ	CE	PRTB	PARTIDO ISOLADO	PRTB	NÃO ELEITO	1	15971	Presidente
280000000021	28	JOSÉ LEVY FIDELIX DA CRUZ	DF	PRTB	PARTIDO ISOLADO	PRTB	NÃO ELEITO	1	15270	Presidente
280000000021	28	JOSÉ LEVY FIDELIX DA CRUZ	ES	PRTB	PARTIDO ISOLADO	PRTB	NÃO ELEITO	1	9021	Presidente
280000000021	28	JOSÉ LEVY FIDELIX DA CRUZ	GO	PRTB	PARTIDO ISOLADO	PRTB	NÃO ELEITO	1	12393	Presidente
280000000021	28	JOSÉ LEVY FIDELIX DA CRUZ	MA	PRTB	PARTIDO ISOLADO	PRTB	NÃO ELEITO	1	6707	Presidente
280000000021	28	JOSÉ LEVY FIDELIX DA CRUZ	MG	PRTB	PARTIDO ISOLADO	PRTB	NÃO ELEITO	1	25939	Presidente
280000000021	28	JOSÉ LEVY FIDELIX DA CRUZ	MS	PRTB	PARTIDO ISOLADO	PRTB	NÃO ELEITO	1	4623	Presidente
280000000021	28	JOSÉ LEVY FIDELIX DA CRUZ	MT	PRTB	PARTIDO ISOLADO	PRTB	NÃO ELEITO	1	4462	Presidente
280000000021	28	JOSÉ LEVY FIDELIX DA CRUZ	PA	PRTB	PARTIDO ISOLADO	PRTB	NÃO ELEITO	1	11501	Presidente
280000000021	28	JOSÉ LEVY FIDELIX DA CRUZ	PB	PRTB	PARTIDO ISOLADO	PRTB	NÃO ELEITO	1	7539	Presidente
280000000021	28	JOSÉ LEVY FIDELIX DA CRUZ	PE	PRTB	PARTIDO ISOLADO	PRTB	NÃO ELEITO	1	11498	Presidente
280000000021	28	JOSÉ LEVY FIDELIX DA CRUZ	PI	PRTB	PARTIDO ISOLADO	PRTB	NÃO ELEITO	1	2338	Presidente
280000000021	28	JOSÉ LEVY FIDELIX DA CRUZ	PR	PRTB	PARTIDO ISOLADO	PRTB	NÃO ELEITO	1	33612	Presidente
280000000021	28	JOSÉ LEVY FIDELIX DA CRUZ	RJ	PRTB	PARTIDO ISOLADO	PRTB	NÃO ELEITO	1	65015	Presidente
280000000021	28	JOSÉ LEVY FIDELIX DA CRUZ	RN	PRTB	PARTIDO ISOLADO	PRTB	NÃO ELEITO	1	5292	Presidente
280000000021	28	JOSÉ LEVY FIDELIX DA CRUZ	RO	PRTB	PARTIDO ISOLADO	PRTB	NÃO ELEITO	1	3819	Presidente
280000000021	28	JOSÉ LEVY FIDELIX DA CRUZ	RR	PRTB	PARTIDO ISOLADO	PRTB	NÃO ELEITO	1	1285	Presidente
280000000021	28	JOSÉ LEVY FIDELIX DA CRUZ	RS	PRTB	PARTIDO ISOLADO	PRTB	NÃO ELEITO	1	17954	Presidente
280000000021	28	JOSÉ LEVY FIDELIX DA CRUZ	SC	PRTB	PARTIDO ISOLADO	PRTB	NÃO ELEITO	1	15774	Presidente
280000000021	28	JOSÉ LEVY FIDELIX DA CRUZ	SE	PRTB	PARTIDO ISOLADO	PRTB	NÃO ELEITO	1	3677	Presidente
280000000021	28	JOSÉ LEVY FIDELIX DA CRUZ	SP	PRTB	PARTIDO ISOLADO	PRTB	NÃO ELEITO	1	136244	Presidente
280000000021	28	JOSÉ LEVY FIDELIX DA CRUZ	TO	PRTB	PARTIDO ISOLADO	PRTB	NÃO ELEITO	1	1654	Presidente
280000000021	28	JOSÉ LEVY FIDELIX DA CRUZ	ZZ	PRTB	PARTIDO ISOLADO	PRTB	NÃO ELEITO	1	436	Presidente
280000000041	21	MAURO LUÍS IASI	AC	PCB	PARTIDO ISOLADO	PCB	NÃO ELEITO	1	68	Presidente
280000000041	21	MAURO LUÍS IASI	AL	PCB	PARTIDO ISOLADO	PCB	NÃO ELEITO	1	892	Presidente
280000000041	21	MAURO LUÍS IASI	AM	PCB	PARTIDO ISOLADO	PCB	NÃO ELEITO	1	545	Presidente
280000000041	21	MAURO LUÍS IASI	AP	PCB	PARTIDO ISOLADO	PCB	NÃO ELEITO	1	162	Presidente
280000000041	21	MAURO LUÍS IASI	BA	PCB	PARTIDO ISOLADO	PCB	NÃO ELEITO	1	2890	Presidente
280000000041	21	MAURO LUÍS IASI	CE	PCB	PARTIDO ISOLADO	PCB	NÃO ELEITO	1	1832	Presidente
280000000041	21	MAURO LUÍS IASI	DF	PCB	PARTIDO ISOLADO	PCB	NÃO ELEITO	1	559	Presidente
280000000041	21	MAURO LUÍS IASI	ES	PCB	PARTIDO ISOLADO	PCB	NÃO ELEITO	1	723	Presidente
280000000041	21	MAURO LUÍS IASI	GO	PCB	PARTIDO ISOLADO	PCB	NÃO ELEITO	1	1256	Presidente
280000000041	21	MAURO LUÍS IASI	MA	PCB	PARTIDO ISOLADO	PCB	NÃO ELEITO	1	1151	Presidente
280000000041	21	MAURO LUÍS IASI	MG	PCB	PARTIDO ISOLADO	PCB	NÃO ELEITO	1	5469	Presidente
280000000041	21	MAURO LUÍS IASI	MS	PCB	PARTIDO ISOLADO	PCB	NÃO ELEITO	1	390	Presidente
280000000041	21	MAURO LUÍS IASI	MT	PCB	PARTIDO ISOLADO	PCB	NÃO ELEITO	1	529	Presidente
280000000041	21	MAURO LUÍS IASI	PA	PCB	PARTIDO ISOLADO	PCB	NÃO ELEITO	1	833	Presidente
280000000041	21	MAURO LUÍS IASI	PB	PCB	PARTIDO ISOLADO	PCB	NÃO ELEITO	1	796	Presidente
280000000041	21	MAURO LUÍS IASI	PE	PCB	PARTIDO ISOLADO	PCB	NÃO ELEITO	1	1719	Presidente
280000000041	21	MAURO LUÍS IASI	PI	PCB	PARTIDO ISOLADO	PCB	NÃO ELEITO	1	487	Presidente
280000000041	21	MAURO LUÍS IASI	PR	PCB	PARTIDO ISOLADO	PCB	NÃO ELEITO	1	2409	Presidente
280000000041	21	MAURO LUÍS IASI	RJ	PCB	PARTIDO ISOLADO	PCB	NÃO ELEITO	1	8548	Presidente
280000000041	21	MAURO LUÍS IASI	RN	PCB	PARTIDO ISOLADO	PCB	NÃO ELEITO	1	641	Presidente
280000000041	21	MAURO LUÍS IASI	RO	PCB	PARTIDO ISOLADO	PCB	NÃO ELEITO	1	208	Presidente
280000000041	21	MAURO LUÍS IASI	RR	PCB	PARTIDO ISOLADO	PCB	NÃO ELEITO	1	71	Presidente
280000000041	21	MAURO LUÍS IASI	RS	PCB	PARTIDO ISOLADO	PCB	NÃO ELEITO	1	2301	Presidente
280000000041	21	MAURO LUÍS IASI	SC	PCB	PARTIDO ISOLADO	PCB	NÃO ELEITO	1	1413	Presidente
280000000041	21	MAURO LUÍS IASI	SE	PCB	PARTIDO ISOLADO	PCB	NÃO ELEITO	1	764	Presidente
280000000041	21	MAURO LUÍS IASI	SP	PCB	PARTIDO ISOLADO	PCB	NÃO ELEITO	1	10667	Presidente
280000000041	21	MAURO LUÍS IASI	TO	PCB	PARTIDO ISOLADO	PCB	NÃO ELEITO	1	261	Presidente
280000000041	21	MAURO LUÍS IASI	ZZ	PCB	PARTIDO ISOLADO	PCB	NÃO ELEITO	1	261	Presidente
280000000043	50	LUCIANA KREBS GENRO	AC	PSOL	PARTIDO ISOLADO	PSOL	NÃO ELEITO	1	867	Presidente
280000000043	50	LUCIANA KREBS GENRO	AL	PSOL	PARTIDO ISOLADO	PSOL	NÃO ELEITO	1	15236	Presidente
280000000043	50	LUCIANA KREBS GENRO	AM	PSOL	PARTIDO ISOLADO	PSOL	NÃO ELEITO	1	15957	Presidente
280000000043	50	LUCIANA KREBS GENRO	AP	PSOL	PARTIDO ISOLADO	PSOL	NÃO ELEITO	1	4008	Presidente
280000000043	50	LUCIANA KREBS GENRO	BA	PSOL	PARTIDO ISOLADO	PSOL	NÃO ELEITO	1	55837	Presidente
280000000043	50	LUCIANA KREBS GENRO	CE	PSOL	PARTIDO ISOLADO	PSOL	NÃO ELEITO	1	52484	Presidente
280000000043	50	LUCIANA KREBS GENRO	DF	PSOL	PARTIDO ISOLADO	PSOL	NÃO ELEITO	1	31435	Presidente
280000000043	50	LUCIANA KREBS GENRO	ES	PSOL	PARTIDO ISOLADO	PSOL	NÃO ELEITO	1	19016	Presidente
280000000043	50	LUCIANA KREBS GENRO	GO	PSOL	PARTIDO ISOLADO	PSOL	NÃO ELEITO	1	30411	Presidente
280000000043	50	LUCIANA KREBS GENRO	MA	PSOL	PARTIDO ISOLADO	PSOL	NÃO ELEITO	1	13100	Presidente
280000000043	50	LUCIANA KREBS GENRO	MG	PSOL	PARTIDO ISOLADO	PSOL	NÃO ELEITO	1	139889	Presidente
280000000043	50	LUCIANA KREBS GENRO	MS	PSOL	PARTIDO ISOLADO	PSOL	NÃO ELEITO	1	10708	Presidente
280000000043	50	LUCIANA KREBS GENRO	MT	PSOL	PARTIDO ISOLADO	PSOL	NÃO ELEITO	1	10093	Presidente
280000000043	50	LUCIANA KREBS GENRO	PA	PSOL	PARTIDO ISOLADO	PSOL	NÃO ELEITO	1	40353	Presidente
280000000043	50	LUCIANA KREBS GENRO	PB	PSOL	PARTIDO ISOLADO	PSOL	NÃO ELEITO	1	16847	Presidente
280000000043	50	LUCIANA KREBS GENRO	PE	PSOL	PARTIDO ISOLADO	PSOL	NÃO ELEITO	1	40455	Presidente
280000000043	50	LUCIANA KREBS GENRO	PI	PSOL	PARTIDO ISOLADO	PSOL	NÃO ELEITO	1	10159	Presidente
280000000043	50	LUCIANA KREBS GENRO	PR	PSOL	PARTIDO ISOLADO	PSOL	NÃO ELEITO	1	79267	Presidente
280000000043	50	LUCIANA KREBS GENRO	RJ	PSOL	PARTIDO ISOLADO	PSOL	NÃO ELEITO	1	227432	Presidente
280000000043	50	LUCIANA KREBS GENRO	RN	PSOL	PARTIDO ISOLADO	PSOL	NÃO ELEITO	1	20212	Presidente
280000000043	50	LUCIANA KREBS GENRO	RO	PSOL	PARTIDO ISOLADO	PSOL	NÃO ELEITO	1	4664	Presidente
280000000043	50	LUCIANA KREBS GENRO	RR	PSOL	PARTIDO ISOLADO	PSOL	NÃO ELEITO	1	2815	Presidente
280000000043	50	LUCIANA KREBS GENRO	RS	PSOL	PARTIDO ISOLADO	PSOL	NÃO ELEITO	1	143370	Presidente
280000000043	50	LUCIANA KREBS GENRO	SC	PSOL	PARTIDO ISOLADO	PSOL	NÃO ELEITO	1	53532	Presidente
280000000043	50	LUCIANA KREBS GENRO	SE	PSOL	PARTIDO ISOLADO	PSOL	NÃO ELEITO	1	12827	Presidente
280000000043	50	LUCIANA KREBS GENRO	SP	PSOL	PARTIDO ISOLADO	PSOL	NÃO ELEITO	1	554863	Presidente
280000000043	50	LUCIANA KREBS GENRO	TO	PSOL	PARTIDO ISOLADO	PSOL	NÃO ELEITO	1	2875	Presidente
280000000043	50	LUCIANA KREBS GENRO	ZZ	PSOL	PARTIDO ISOLADO	PSOL	NÃO ELEITO	1	3474	Presidente
280000000061	43	EDUARDO JORGE MARTINS ALVES SOBRINHO	AC	PV	PARTIDO ISOLADO	PV	NÃO ELEITO	1	597	Presidente
280000000061	43	EDUARDO JORGE MARTINS ALVES SOBRINHO	AL	PV	PARTIDO ISOLADO	PV	NÃO ELEITO	1	3552	Presidente
280000000061	43	EDUARDO JORGE MARTINS ALVES SOBRINHO	AM	PV	PARTIDO ISOLADO	PV	NÃO ELEITO	1	4395	Presidente
280000000061	43	EDUARDO JORGE MARTINS ALVES SOBRINHO	AP	PV	PARTIDO ISOLADO	PV	NÃO ELEITO	1	1254	Presidente
280000000061	43	EDUARDO JORGE MARTINS ALVES SOBRINHO	BA	PV	PARTIDO ISOLADO	PV	NÃO ELEITO	1	15722	Presidente
280000000061	43	EDUARDO JORGE MARTINS ALVES SOBRINHO	CE	PV	PARTIDO ISOLADO	PV	NÃO ELEITO	1	14094	Presidente
280000000061	43	EDUARDO JORGE MARTINS ALVES SOBRINHO	DF	PV	PARTIDO ISOLADO	PV	NÃO ELEITO	1	19478	Presidente
280000000061	43	EDUARDO JORGE MARTINS ALVES SOBRINHO	ES	PV	PARTIDO ISOLADO	PV	NÃO ELEITO	1	11875	Presidente
280000000061	43	EDUARDO JORGE MARTINS ALVES SOBRINHO	GO	PV	PARTIDO ISOLADO	PV	NÃO ELEITO	1	12259	Presidente
280000000061	43	EDUARDO JORGE MARTINS ALVES SOBRINHO	MA	PV	PARTIDO ISOLADO	PV	NÃO ELEITO	1	6965	Presidente
280000000061	43	EDUARDO JORGE MARTINS ALVES SOBRINHO	MG	PV	PARTIDO ISOLADO	PV	NÃO ELEITO	1	54483	Presidente
280000000061	43	EDUARDO JORGE MARTINS ALVES SOBRINHO	MS	PV	PARTIDO ISOLADO	PV	NÃO ELEITO	1	4093	Presidente
280000000061	43	EDUARDO JORGE MARTINS ALVES SOBRINHO	MT	PV	PARTIDO ISOLADO	PV	NÃO ELEITO	1	4128	Presidente
280000000061	43	EDUARDO JORGE MARTINS ALVES SOBRINHO	PA	PV	PARTIDO ISOLADO	PV	NÃO ELEITO	1	12260	Presidente
280000000061	43	EDUARDO JORGE MARTINS ALVES SOBRINHO	PB	PV	PARTIDO ISOLADO	PV	NÃO ELEITO	1	7791	Presidente
280000000061	43	EDUARDO JORGE MARTINS ALVES SOBRINHO	PE	PV	PARTIDO ISOLADO	PV	NÃO ELEITO	1	13349	Presidente
280000000061	43	EDUARDO JORGE MARTINS ALVES SOBRINHO	PI	PV	PARTIDO ISOLADO	PV	NÃO ELEITO	1	4385	Presidente
280000000061	43	EDUARDO JORGE MARTINS ALVES SOBRINHO	PR	PV	PARTIDO ISOLADO	PV	NÃO ELEITO	1	44755	Presidente
280000000061	43	EDUARDO JORGE MARTINS ALVES SOBRINHO	RJ	PV	PARTIDO ISOLADO	PV	NÃO ELEITO	1	68032	Presidente
280000000061	43	EDUARDO JORGE MARTINS ALVES SOBRINHO	RN	PV	PARTIDO ISOLADO	PV	NÃO ELEITO	1	5346	Presidente
280000000061	43	EDUARDO JORGE MARTINS ALVES SOBRINHO	RO	PV	PARTIDO ISOLADO	PV	NÃO ELEITO	1	2368	Presidente
280000000061	43	EDUARDO JORGE MARTINS ALVES SOBRINHO	RR	PV	PARTIDO ISOLADO	PV	NÃO ELEITO	1	780	Presidente
280000000061	43	EDUARDO JORGE MARTINS ALVES SOBRINHO	RS	PV	PARTIDO ISOLADO	PV	NÃO ELEITO	1	43703	Presidente
280000000061	43	EDUARDO JORGE MARTINS ALVES SOBRINHO	SC	PV	PARTIDO ISOLADO	PV	NÃO ELEITO	1	30239	Presidente
280000000061	43	EDUARDO JORGE MARTINS ALVES SOBRINHO	SE	PV	PARTIDO ISOLADO	PV	NÃO ELEITO	1	3733	Presidente
280000000061	43	EDUARDO JORGE MARTINS ALVES SOBRINHO	SP	PV	PARTIDO ISOLADO	PV	NÃO ELEITO	1	236966	Presidente
280000000061	43	EDUARDO JORGE MARTINS ALVES SOBRINHO	TO	PV	PARTIDO ISOLADO	PV	NÃO ELEITO	1	1430	Presidente
280000000061	43	EDUARDO JORGE MARTINS ALVES SOBRINHO	ZZ	PV	PARTIDO ISOLADO	PV	NÃO ELEITO	1	2067	Presidente
280000000065	20	EVERALDO DIAS PEREIRA	AC	PSC	PARTIDO ISOLADO	PSC	NÃO ELEITO	1	1203	Presidente
280000000065	20	EVERALDO DIAS PEREIRA	AL	PSC	PARTIDO ISOLADO	PSC	NÃO ELEITO	1	8413	Presidente
280000000065	20	EVERALDO DIAS PEREIRA	AM	PSC	PARTIDO ISOLADO	PSC	NÃO ELEITO	1	42697	Presidente
280000000065	20	EVERALDO DIAS PEREIRA	AP	PSC	PARTIDO ISOLADO	PSC	NÃO ELEITO	1	5116	Presidente
280000000065	20	EVERALDO DIAS PEREIRA	BA	PSC	PARTIDO ISOLADO	PSC	NÃO ELEITO	1	37194	Presidente
280000000065	20	EVERALDO DIAS PEREIRA	CE	PSC	PARTIDO ISOLADO	PSC	NÃO ELEITO	1	25749	Presidente
280000000065	20	EVERALDO DIAS PEREIRA	DF	PSC	PARTIDO ISOLADO	PSC	NÃO ELEITO	1	10053	Presidente
280000000065	20	EVERALDO DIAS PEREIRA	ES	PSC	PARTIDO ISOLADO	PSC	NÃO ELEITO	1	16138	Presidente
280000000065	20	EVERALDO DIAS PEREIRA	GO	PSC	PARTIDO ISOLADO	PSC	NÃO ELEITO	1	19005	Presidente
280000000065	20	EVERALDO DIAS PEREIRA	MA	PSC	PARTIDO ISOLADO	PSC	NÃO ELEITO	1	22389	Presidente
280000000065	20	EVERALDO DIAS PEREIRA	MG	PSC	PARTIDO ISOLADO	PSC	NÃO ELEITO	1	67486	Presidente
280000000065	20	EVERALDO DIAS PEREIRA	MS	PSC	PARTIDO ISOLADO	PSC	NÃO ELEITO	1	6977	Presidente
280000000065	20	EVERALDO DIAS PEREIRA	MT	PSC	PARTIDO ISOLADO	PSC	NÃO ELEITO	1	9129	Presidente
280000000065	20	EVERALDO DIAS PEREIRA	PA	PSC	PARTIDO ISOLADO	PSC	NÃO ELEITO	1	43068	Presidente
280000000065	20	EVERALDO DIAS PEREIRA	PB	PSC	PARTIDO ISOLADO	PSC	NÃO ELEITO	1	12102	Presidente
280000000065	20	EVERALDO DIAS PEREIRA	PE	PSC	PARTIDO ISOLADO	PSC	NÃO ELEITO	1	15691	Presidente
280000000065	20	EVERALDO DIAS PEREIRA	PI	PSC	PARTIDO ISOLADO	PSC	NÃO ELEITO	1	6284	Presidente
280000000065	20	EVERALDO DIAS PEREIRA	PR	PSC	PARTIDO ISOLADO	PSC	NÃO ELEITO	1	40656	Presidente
280000000065	20	EVERALDO DIAS PEREIRA	RJ	PSC	PARTIDO ISOLADO	PSC	NÃO ELEITO	1	136163	Presidente
280000000065	20	EVERALDO DIAS PEREIRA	RN	PSC	PARTIDO ISOLADO	PSC	NÃO ELEITO	1	13316	Presidente
280000000065	20	EVERALDO DIAS PEREIRA	RO	PSC	PARTIDO ISOLADO	PSC	NÃO ELEITO	1	12512	Presidente
280000000065	20	EVERALDO DIAS PEREIRA	RR	PSC	PARTIDO ISOLADO	PSC	NÃO ELEITO	1	5194	Presidente
280000000065	20	EVERALDO DIAS PEREIRA	RS	PSC	PARTIDO ISOLADO	PSC	NÃO ELEITO	1	33053	Presidente
280000000065	20	EVERALDO DIAS PEREIRA	SC	PSC	PARTIDO ISOLADO	PSC	NÃO ELEITO	1	23661	Presidente
280000000065	20	EVERALDO DIAS PEREIRA	SE	PSC	PARTIDO ISOLADO	PSC	NÃO ELEITO	1	18776	Presidente
280000000065	20	EVERALDO DIAS PEREIRA	SP	PSC	PARTIDO ISOLADO	PSC	NÃO ELEITO	1	142842	Presidente
280000000065	20	EVERALDO DIAS PEREIRA	TO	PSC	PARTIDO ISOLADO	PSC	NÃO ELEITO	1	4740	Presidente
280000000065	20	EVERALDO DIAS PEREIRA	ZZ	PSC	PARTIDO ISOLADO	PSC	NÃO ELEITO	1	906	Presidente
280000000067	27	JOSE MARIA EYMAEL	AC	PSDC	PARTIDO ISOLADO	PSDC	NÃO ELEITO	1	282	Presidente
280000000067	27	JOSE MARIA EYMAEL	AL	PSDC	PARTIDO ISOLADO	PSDC	NÃO ELEITO	1	610	Presidente
280000000067	27	JOSE MARIA EYMAEL	AM	PSDC	PARTIDO ISOLADO	PSDC	NÃO ELEITO	1	621	Presidente
280000000067	27	JOSE MARIA EYMAEL	AP	PSDC	PARTIDO ISOLADO	PSDC	NÃO ELEITO	1	435	Presidente
280000000067	27	JOSE MARIA EYMAEL	BA	PSDC	PARTIDO ISOLADO	PSDC	NÃO ELEITO	1	1828	Presidente
280000000067	27	JOSE MARIA EYMAEL	CE	PSDC	PARTIDO ISOLADO	PSDC	NÃO ELEITO	1	3193	Presidente
280000000067	27	JOSE MARIA EYMAEL	DF	PSDC	PARTIDO ISOLADO	PSDC	NÃO ELEITO	1	1295	Presidente
280000000067	27	JOSE MARIA EYMAEL	ES	PSDC	PARTIDO ISOLADO	PSDC	NÃO ELEITO	1	1133	Presidente
280000000067	27	JOSE MARIA EYMAEL	GO	PSDC	PARTIDO ISOLADO	PSDC	NÃO ELEITO	1	1948	Presidente
280000000067	27	JOSE MARIA EYMAEL	MA	PSDC	PARTIDO ISOLADO	PSDC	NÃO ELEITO	1	2205	Presidente
280000000067	27	JOSE MARIA EYMAEL	MG	PSDC	PARTIDO ISOLADO	PSDC	NÃO ELEITO	1	5545	Presidente
280000000067	27	JOSE MARIA EYMAEL	MS	PSDC	PARTIDO ISOLADO	PSDC	NÃO ELEITO	1	478	Presidente
280000000067	27	JOSE MARIA EYMAEL	MT	PSDC	PARTIDO ISOLADO	PSDC	NÃO ELEITO	1	470	Presidente
280000000067	27	JOSE MARIA EYMAEL	PA	PSDC	PARTIDO ISOLADO	PSDC	NÃO ELEITO	1	915	Presidente
280000000067	27	JOSE MARIA EYMAEL	PB	PSDC	PARTIDO ISOLADO	PSDC	NÃO ELEITO	1	911	Presidente
280000000067	27	JOSE MARIA EYMAEL	PE	PSDC	PARTIDO ISOLADO	PSDC	NÃO ELEITO	1	1266	Presidente
280000000067	27	JOSE MARIA EYMAEL	PI	PSDC	PARTIDO ISOLADO	PSDC	NÃO ELEITO	1	752	Presidente
280000000067	27	JOSE MARIA EYMAEL	PR	PSDC	PARTIDO ISOLADO	PSDC	NÃO ELEITO	1	4828	Presidente
280000000067	27	JOSE MARIA EYMAEL	RJ	PSDC	PARTIDO ISOLADO	PSDC	NÃO ELEITO	1	11754	Presidente
280000000067	27	JOSE MARIA EYMAEL	RN	PSDC	PARTIDO ISOLADO	PSDC	NÃO ELEITO	1	929	Presidente
280000000067	27	JOSE MARIA EYMAEL	RO	PSDC	PARTIDO ISOLADO	PSDC	NÃO ELEITO	1	634	Presidente
280000000067	27	JOSE MARIA EYMAEL	RR	PSDC	PARTIDO ISOLADO	PSDC	NÃO ELEITO	1	515	Presidente
280000000067	27	JOSE MARIA EYMAEL	RS	PSDC	PARTIDO ISOLADO	PSDC	NÃO ELEITO	1	2255	Presidente
280000000067	27	JOSE MARIA EYMAEL	SC	PSDC	PARTIDO ISOLADO	PSDC	NÃO ELEITO	1	2005	Presidente
280000000067	27	JOSE MARIA EYMAEL	SE	PSDC	PARTIDO ISOLADO	PSDC	NÃO ELEITO	1	431	Presidente
280000000067	27	JOSE MARIA EYMAEL	SP	PSDC	PARTIDO ISOLADO	PSDC	NÃO ELEITO	1	13510	Presidente
280000000067	27	JOSE MARIA EYMAEL	TO	PSDC	PARTIDO ISOLADO	PSDC	NÃO ELEITO	1	221	Presidente
280000000067	27	JOSE MARIA EYMAEL	ZZ	PSDC	PARTIDO ISOLADO	PSDC	NÃO ELEITO	1	281	Presidente
280000000081	29	RUI COSTA PIMENTA	AC	PCO	PARTIDO ISOLADO	PCO	NÃO ELEITO	1	14	Presidente
280000000081	29	RUI COSTA PIMENTA	AL	PCO	PARTIDO ISOLADO	PCO	NÃO ELEITO	1	125	Presidente
280000000081	29	RUI COSTA PIMENTA	AM	PCO	PARTIDO ISOLADO	PCO	NÃO ELEITO	1	98	Presidente
280000000081	29	RUI COSTA PIMENTA	AP	PCO	PARTIDO ISOLADO	PCO	NÃO ELEITO	1	21	Presidente
280000000081	29	RUI COSTA PIMENTA	BA	PCO	PARTIDO ISOLADO	PCO	NÃO ELEITO	1	555	Presidente
280000000081	29	RUI COSTA PIMENTA	CE	PCO	PARTIDO ISOLADO	PCO	NÃO ELEITO	1	342	Presidente
280000000081	29	RUI COSTA PIMENTA	DF	PCO	PARTIDO ISOLADO	PCO	NÃO ELEITO	1	473	Presidente
280000000081	29	RUI COSTA PIMENTA	ES	PCO	PARTIDO ISOLADO	PCO	NÃO ELEITO	1	215	Presidente
280000000081	29	RUI COSTA PIMENTA	GO	PCO	PARTIDO ISOLADO	PCO	NÃO ELEITO	1	301	Presidente
280000000081	29	RUI COSTA PIMENTA	MA	PCO	PARTIDO ISOLADO	PCO	NÃO ELEITO	1	158	Presidente
280000000081	29	RUI COSTA PIMENTA	MG	PCO	PARTIDO ISOLADO	PCO	NÃO ELEITO	1	1489	Presidente
280000000081	29	RUI COSTA PIMENTA	MS	PCO	PARTIDO ISOLADO	PCO	NÃO ELEITO	1	97	Presidente
280000000081	29	RUI COSTA PIMENTA	MT	PCO	PARTIDO ISOLADO	PCO	NÃO ELEITO	1	101	Presidente
280000000081	29	RUI COSTA PIMENTA	PA	PCO	PARTIDO ISOLADO	PCO	NÃO ELEITO	1	207	Presidente
280000000081	29	RUI COSTA PIMENTA	PB	PCO	PARTIDO ISOLADO	PCO	NÃO ELEITO	1	247	Presidente
280000000081	29	RUI COSTA PIMENTA	PE	PCO	PARTIDO ISOLADO	PCO	NÃO ELEITO	1	322	Presidente
280000000081	29	RUI COSTA PIMENTA	PI	PCO	PARTIDO ISOLADO	PCO	NÃO ELEITO	1	151	Presidente
280000000081	29	RUI COSTA PIMENTA	PR	PCO	PARTIDO ISOLADO	PCO	NÃO ELEITO	1	560	Presidente
280000000081	29	RUI COSTA PIMENTA	RJ	PCO	PARTIDO ISOLADO	PCO	NÃO ELEITO	1	1450	Presidente
280000000081	29	RUI COSTA PIMENTA	RN	PCO	PARTIDO ISOLADO	PCO	NÃO ELEITO	1	162	Presidente
280000000081	29	RUI COSTA PIMENTA	RO	PCO	PARTIDO ISOLADO	PCO	NÃO ELEITO	1	63	Presidente
280000000081	29	RUI COSTA PIMENTA	RR	PCO	PARTIDO ISOLADO	PCO	NÃO ELEITO	1	48	Presidente
280000000081	29	RUI COSTA PIMENTA	RS	PCO	PARTIDO ISOLADO	PCO	NÃO ELEITO	1	505	Presidente
280000000081	29	RUI COSTA PIMENTA	SC	PCO	PARTIDO ISOLADO	PCO	NÃO ELEITO	1	390	Presidente
280000000081	29	RUI COSTA PIMENTA	SE	PCO	PARTIDO ISOLADO	PCO	NÃO ELEITO	1	142	Presidente
280000000081	29	RUI COSTA PIMENTA	SP	PCO	PARTIDO ISOLADO	PCO	NÃO ELEITO	1	3971	Presidente
280000000081	29	RUI COSTA PIMENTA	TO	PCO	PARTIDO ISOLADO	PCO	NÃO ELEITO	1	44	Presidente
280000000081	29	RUI COSTA PIMENTA	ZZ	PCO	PARTIDO ISOLADO	PCO	NÃO ELEITO	1	73	Presidente
280000000083	13	DILMA VANA ROUSSEFF	AC	PT	COLIGAÇÃO COM A FORÇA DO POVO	PT / PMDB / PSD / PP / PR / PROS / PDT / PC do B / PRB	2º TURNO	1	111641	Presidente
280000000083	13	DILMA VANA ROUSSEFF	AC	PT	COLIGAÇÃO COM A FORÇA DO POVO	PT / PMDB / PSD / PP / PR / PROS / PDT / PC do B / PRB	ELEITO	2	138982	Presidente
280000000083	13	DILMA VANA ROUSSEFF	AL	PT	COLIGAÇÃO COM A FORÇA DO POVO	PT / PMDB / PSD / PP / PR / PROS / PDT / PC do B / PRB	2º TURNO	1	703809	Presidente
280000000083	13	DILMA VANA ROUSSEFF	AL	PT	COLIGAÇÃO COM A FORÇA DO POVO	PT / PMDB / PSD / PP / PR / PROS / PDT / PC do B / PRB	ELEITO	2	941445	Presidente
280000000083	13	DILMA VANA ROUSSEFF	AM	PT	COLIGAÇÃO COM A FORÇA DO POVO	PT / PMDB / PSD / PP / PR / PROS / PDT / PC do B / PRB	2º TURNO	1	915299	Presidente
280000000083	13	DILMA VANA ROUSSEFF	AM	PT	COLIGAÇÃO COM A FORÇA DO POVO	PT / PMDB / PSD / PP / PR / PROS / PDT / PC do B / PRB	ELEITO	2	1033457	Presidente
280000000083	13	DILMA VANA ROUSSEFF	AP	PT	COLIGAÇÃO COM A FORÇA DO POVO	PT / PMDB / PSD / PP / PR / PROS / PDT / PC do B / PRB	2º TURNO	1	199016	Presidente
280000000083	13	DILMA VANA ROUSSEFF	AP	PT	COLIGAÇÃO COM A FORÇA DO POVO	PT / PMDB / PSD / PP / PR / PROS / PDT / PC do B / PRB	ELEITO	2	227509	Presidente
280000000083	13	DILMA VANA ROUSSEFF	BA	PT	COLIGAÇÃO COM A FORÇA DO POVO	PT / PMDB / PSD / PP / PR / PROS / PDT / PC do B / PRB	2º TURNO	1	4292850	Presidente
280000000083	13	DILMA VANA ROUSSEFF	BA	PT	COLIGAÇÃO COM A FORÇA DO POVO	PT / PMDB / PSD / PP / PR / PROS / PDT / PC do B / PRB	ELEITO	2	5059860	Presidente
280000000083	13	DILMA VANA ROUSSEFF	CE	PT	COLIGAÇÃO COM A FORÇA DO POVO	PT / PMDB / PSD / PP / PR / PROS / PDT / PC do B / PRB	2º TURNO	1	3087658	Presidente
280000000083	13	DILMA VANA ROUSSEFF	CE	PT	COLIGAÇÃO COM A FORÇA DO POVO	PT / PMDB / PSD / PP / PR / PROS / PDT / PC do B / PRB	ELEITO	2	3522884	Presidente
280000000083	13	DILMA VANA ROUSSEFF	DF	PT	COLIGAÇÃO COM A FORÇA DO POVO	PT / PMDB / PSD / PP / PR / PROS / PDT / PC do B / PRB	2º TURNO	1	363861	Presidente
280000000083	13	DILMA VANA ROUSSEFF	DF	PT	COLIGAÇÃO COM A FORÇA DO POVO	PT / PMDB / PSD / PP / PR / PROS / PDT / PC do B / PRB	ELEITO	2	582354	Presidente
280000000083	13	DILMA VANA ROUSSEFF	ES	PT	COLIGAÇÃO COM A FORÇA DO POVO	PT / PMDB / PSD / PP / PR / PROS / PDT / PC do B / PRB	2º TURNO	1	653839	Presidente
280000000083	13	DILMA VANA ROUSSEFF	ES	PT	COLIGAÇÃO COM A FORÇA DO POVO	PT / PMDB / PSD / PP / PR / PROS / PDT / PC do B / PRB	ELEITO	2	912391	Presidente
280000000083	13	DILMA VANA ROUSSEFF	GO	PT	COLIGAÇÃO COM A FORÇA DO POVO	PT / PMDB / PSD / PP / PR / PROS / PDT / PC do B / PRB	2º TURNO	1	1035911	Presidente
280000000083	13	DILMA VANA ROUSSEFF	GO	PT	COLIGAÇÃO COM A FORÇA DO POVO	PT / PMDB / PSD / PP / PR / PROS / PDT / PC do B / PRB	ELEITO	2	1365964	Presidente
280000000083	13	DILMA VANA ROUSSEFF	MA	PT	COLIGAÇÃO COM A FORÇA DO POVO	PT / PMDB / PSD / PP / PR / PROS / PDT / PC do B / PRB	2º TURNO	1	2187864	Presidente
280000000083	13	DILMA VANA ROUSSEFF	MA	PT	COLIGAÇÃO COM A FORÇA DO POVO	PT / PMDB / PSD / PP / PR / PROS / PDT / PC do B / PRB	ELEITO	2	2475985	Presidente
280000000083	13	DILMA VANA ROUSSEFF	MG	PT	COLIGAÇÃO COM A FORÇA DO POVO	PT / PMDB / PSD / PP / PR / PROS / PDT / PC do B / PRB	2º TURNO	1	4830867	Presidente
280000000083	13	DILMA VANA ROUSSEFF	MG	PT	COLIGAÇÃO COM A FORÇA DO POVO	PT / PMDB / PSD / PP / PR / PROS / PDT / PC do B / PRB	ELEITO	2	5981162	Presidente
280000000083	13	DILMA VANA ROUSSEFF	MS	PT	COLIGAÇÃO COM A FORÇA DO POVO	PT / PMDB / PSD / PP / PR / PROS / PDT / PC do B / PRB	2º TURNO	1	507063	Presidente
280000000083	13	DILMA VANA ROUSSEFF	MS	PT	COLIGAÇÃO COM A FORÇA DO POVO	PT / PMDB / PSD / PP / PR / PROS / PDT / PC do B / PRB	ELEITO	2	590965	Presidente
280000000083	13	DILMA VANA ROUSSEFF	MT	PT	COLIGAÇÃO COM A FORÇA DO POVO	PT / PMDB / PSD / PP / PR / PROS / PDT / PC do B / PRB	2º TURNO	1	616411	Presidente
280000000083	13	DILMA VANA ROUSSEFF	MT	PT	COLIGAÇÃO COM A FORÇA DO POVO	PT / PMDB / PSD / PP / PR / PROS / PDT / PC do B / PRB	ELEITO	2	717412	Presidente
280000000083	13	DILMA VANA ROUSSEFF	PA	PT	COLIGAÇÃO COM A FORÇA DO POVO	PT / PMDB / PSD / PP / PR / PROS / PDT / PC do B / PRB	2º TURNO	1	2040981	Presidente
280000000083	13	DILMA VANA ROUSSEFF	PA	PT	COLIGAÇÃO COM A FORÇA DO POVO	PT / PMDB / PSD / PP / PR / PROS / PDT / PC do B / PRB	ELEITO	2	2104151	Presidente
280000000083	13	DILMA VANA ROUSSEFF	PB	PT	COLIGAÇÃO COM A FORÇA DO POVO	PT / PMDB / PSD / PP / PR / PROS / PDT / PC do B / PRB	2º TURNO	1	1166860	Presidente
280000000083	13	DILMA VANA ROUSSEFF	PB	PT	COLIGAÇÃO COM A FORÇA DO POVO	PT / PMDB / PSD / PP / PR / PROS / PDT / PC do B / PRB	ELEITO	2	1381305	Presidente
280000000083	13	DILMA VANA ROUSSEFF	PE	PT	COLIGAÇÃO COM A FORÇA DO POVO	PT / PMDB / PSD / PP / PR / PROS / PDT / PC do B / PRB	2º TURNO	1	2127010	Presidente
280000000083	13	DILMA VANA ROUSSEFF	PE	PT	COLIGAÇÃO COM A FORÇA DO POVO	PT / PMDB / PSD / PP / PR / PROS / PDT / PC do B / PRB	ELEITO	2	3438829	Presidente
280000000083	13	DILMA VANA ROUSSEFF	PI	PT	COLIGAÇÃO COM A FORÇA DO POVO	PT / PMDB / PSD / PP / PR / PROS / PDT / PC do B / PRB	2º TURNO	1	1235337	Presidente
280000000083	13	DILMA VANA ROUSSEFF	PI	PT	COLIGAÇÃO COM A FORÇA DO POVO	PT / PMDB / PSD / PP / PR / PROS / PDT / PC do B / PRB	ELEITO	2	1385265	Presidente
280000000083	13	DILMA VANA ROUSSEFF	PR	PT	COLIGAÇÃO COM A FORÇA DO POVO	PT / PMDB / PSD / PP / PR / PROS / PDT / PC do B / PRB	2º TURNO	1	1973421	Presidente
280000000083	13	DILMA VANA ROUSSEFF	PR	PT	COLIGAÇÃO COM A FORÇA DO POVO	PT / PMDB / PSD / PP / PR / PROS / PDT / PC do B / PRB	ELEITO	2	2409677	Presidente
280000000083	13	DILMA VANA ROUSSEFF	RJ	PT	COLIGAÇÃO COM A FORÇA DO POVO	PT / PMDB / PSD / PP / PR / PROS / PDT / PC do B / PRB	2º TURNO	1	2971736	Presidente
280000000083	13	DILMA VANA ROUSSEFF	RJ	PT	COLIGAÇÃO COM A FORÇA DO POVO	PT / PMDB / PSD / PP / PR / PROS / PDT / PC do B / PRB	ELEITO	2	4489860	Presidente
280000000083	13	DILMA VANA ROUSSEFF	RN	PT	COLIGAÇÃO COM A FORÇA DO POVO	PT / PMDB / PSD / PP / PR / PROS / PDT / PC do B / PRB	2º TURNO	1	999625	Presidente
280000000083	13	DILMA VANA ROUSSEFF	RN	PT	COLIGAÇÃO COM A FORÇA DO POVO	PT / PMDB / PSD / PP / PR / PROS / PDT / PC do B / PRB	ELEITO	2	1201768	Presidente
280000000083	13	DILMA VANA ROUSSEFF	RO	PT	COLIGAÇÃO COM A FORÇA DO POVO	PT / PMDB / PSD / PP / PR / PROS / PDT / PC do B / PRB	2º TURNO	1	345305	Presidente
280000000083	13	DILMA VANA ROUSSEFF	RO	PT	COLIGAÇÃO COM A FORÇA DO POVO	PT / PMDB / PSD / PP / PR / PROS / PDT / PC do B / PRB	ELEITO	2	364213	Presidente
280000000083	13	DILMA VANA ROUSSEFF	RR	PT	COLIGAÇÃO COM A FORÇA DO POVO	PT / PMDB / PSD / PP / PR / PROS / PDT / PC do B / PRB	2º TURNO	1	82942	Presidente
280000000083	13	DILMA VANA ROUSSEFF	RR	PT	COLIGAÇÃO COM A FORÇA DO POVO	PT / PMDB / PSD / PP / PR / PROS / PDT / PC do B / PRB	ELEITO	2	97425	Presidente
280000000083	13	DILMA VANA ROUSSEFF	RS	PT	COLIGAÇÃO COM A FORÇA DO POVO	PT / PMDB / PSD / PP / PR / PROS / PDT / PC do B / PRB	2º TURNO	1	2752075	Presidente
280000000083	13	DILMA VANA ROUSSEFF	RS	PT	COLIGAÇÃO COM A FORÇA DO POVO	PT / PMDB / PSD / PP / PR / PROS / PDT / PC do B / PRB	ELEITO	2	2998545	Presidente
280000000083	13	DILMA VANA ROUSSEFF	SC	PT	COLIGAÇÃO COM A FORÇA DO POVO	PT / PMDB / PSD / PP / PR / PROS / PDT / PC do B / PRB	2º TURNO	1	1141102	Presidente
280000000083	13	DILMA VANA ROUSSEFF	SC	PT	COLIGAÇÃO COM A FORÇA DO POVO	PT / PMDB / PSD / PP / PR / PROS / PDT / PC do B / PRB	ELEITO	2	1354775	Presidente
280000000083	13	DILMA VANA ROUSSEFF	SE	PT	COLIGAÇÃO COM A FORÇA DO POVO	PT / PMDB / PSD / PP / PR / PROS / PDT / PC do B / PRB	2º TURNO	1	601740	Presidente
280000000083	13	DILMA VANA ROUSSEFF	SE	PT	COLIGAÇÃO COM A FORÇA DO POVO	PT / PMDB / PSD / PP / PR / PROS / PDT / PC do B / PRB	ELEITO	2	772482	Presidente
280000000083	13	DILMA VANA ROUSSEFF	SP	PT	COLIGAÇÃO COM A FORÇA DO POVO	PT / PMDB / PSD / PP / PR / PROS / PDT / PC do B / PRB	2º TURNO	1	5930661	Presidente
280000000083	13	DILMA VANA ROUSSEFF	SP	PT	COLIGAÇÃO COM A FORÇA DO POVO	PT / PMDB / PSD / PP / PR / PROS / PDT / PC do B / PRB	ELEITO	2	8492620	Presidente
280000000083	13	DILMA VANA ROUSSEFF	TO	PT	COLIGAÇÃO COM A FORÇA DO POVO	PT / PMDB / PSD / PP / PR / PROS / PDT / PC do B / PRB	2º TURNO	1	368431	Presidente
280000000083	13	DILMA VANA ROUSSEFF	TO	PT	COLIGAÇÃO COM A FORÇA DO POVO	PT / PMDB / PSD / PP / PR / PROS / PDT / PC do B / PRB	ELEITO	2	428774	Presidente
280000000083	13	DILMA VANA ROUSSEFF	ZZ	PT	COLIGAÇÃO COM A FORÇA DO POVO	PT / PMDB / PSD / PP / PR / PROS / PDT / PC do B / PRB	2º TURNO	1	24353	Presidente
280000000083	13	DILMA VANA ROUSSEFF	ZZ	PT	COLIGAÇÃO COM A FORÇA DO POVO	PT / PMDB / PSD / PP / PR / PROS / PDT / PC do B / PRB	ELEITO	2	31059	Presidente
280000000085	45	AÉCIO NEVES DA CUNHA	AC	PSDB	MUDA BRASIL	PSDB / PMN / SD / DEM / PEN / PTN / PTB / PTC / PT do B	2º TURNO	1	116109	Presidente
280000000085	45	AÉCIO NEVES DA CUNHA	AC	PSDB	MUDA BRASIL	PSDB / PMN / SD / DEM / PEN / PTN / PTB / PTC / PT do B	NÃO ELEITO	2	243677	Presidente
280000000085	45	AÉCIO NEVES DA CUNHA	AL	PSDB	MUDA BRASIL	PSDB / PMN / SD / DEM / PEN / PTN / PTB / PTC / PT do B	2º TURNO	1	311830	Presidente
280000000085	45	AÉCIO NEVES DA CUNHA	AL	PSDB	MUDA BRASIL	PSDB / PMN / SD / DEM / PEN / PTN / PTB / PTC / PT do B	NÃO ELEITO	2	574322	Presidente
280000000085	45	AÉCIO NEVES DA CUNHA	AM	PSDB	MUDA BRASIL	PSDB / PMN / SD / DEM / PEN / PTN / PTB / PTC / PT do B	2º TURNO	1	326257	Presidente
280000000085	45	AÉCIO NEVES DA CUNHA	AM	PSDB	MUDA BRASIL	PSDB / PMN / SD / DEM / PEN / PTN / PTB / PTC / PT do B	NÃO ELEITO	2	556545	Presidente
280000000085	45	AÉCIO NEVES DA CUNHA	AP	PSDB	MUDA BRASIL	PSDB / PMN / SD / DEM / PEN / PTN / PTB / PTC / PT do B	2º TURNO	1	99125	Presidente
280000000085	45	AÉCIO NEVES DA CUNHA	AP	PSDB	MUDA BRASIL	PSDB / PMN / SD / DEM / PEN / PTN / PTB / PTC / PT do B	NÃO ELEITO	2	142780	Presidente
280000000085	45	AÉCIO NEVES DA CUNHA	BA	PSDB	MUDA BRASIL	PSDB / PMN / SD / DEM / PEN / PTN / PTB / PTC / PT do B	2º TURNO	1	1277512	Presidente
280000000085	45	AÉCIO NEVES DA CUNHA	BA	PSDB	MUDA BRASIL	PSDB / PMN / SD / DEM / PEN / PTN / PTB / PTC / PT do B	NÃO ELEITO	2	2153111	Presidente
280000000085	45	AÉCIO NEVES DA CUNHA	CE	PSDB	MUDA BRASIL	PSDB / PMN / SD / DEM / PEN / PTN / PTB / PTC / PT do B	2º TURNO	1	677587	Presidente
280000000085	45	AÉCIO NEVES DA CUNHA	CE	PSDB	MUDA BRASIL	PSDB / PMN / SD / DEM / PEN / PTN / PTB / PTC / PT do B	NÃO ELEITO	2	1068169	Presidente
280000000085	45	AÉCIO NEVES DA CUNHA	DF	PSDB	MUDA BRASIL	PSDB / PMN / SD / DEM / PEN / PTN / PTB / PTC / PT do B	2º TURNO	1	570494	Presidente
280000000085	45	AÉCIO NEVES DA CUNHA	DF	PSDB	MUDA BRASIL	PSDB / PMN / SD / DEM / PEN / PTN / PTB / PTC / PT do B	NÃO ELEITO	2	946171	Presidente
280000000085	45	AÉCIO NEVES DA CUNHA	ES	PSDB	MUDA BRASIL	PSDB / PMN / SD / DEM / PEN / PTN / PTB / PTC / PT do B	2º TURNO	1	694085	Presidente
280000000085	45	AÉCIO NEVES DA CUNHA	ES	PSDB	MUDA BRASIL	PSDB / PMN / SD / DEM / PEN / PTN / PTB / PTC / PT do B	NÃO ELEITO	2	1065485	Presidente
280000000085	45	AÉCIO NEVES DA CUNHA	GO	PSDB	MUDA BRASIL	PSDB / PMN / SD / DEM / PEN / PTN / PTB / PTC / PT do B	2º TURNO	1	1341320	Presidente
280000000085	45	AÉCIO NEVES DA CUNHA	GO	PSDB	MUDA BRASIL	PSDB / PMN / SD / DEM / PEN / PTN / PTB / PTC / PT do B	NÃO ELEITO	2	1819139	Presidente
280000000085	45	AÉCIO NEVES DA CUNHA	MA	PSDB	MUDA BRASIL	PSDB / PMN / SD / DEM / PEN / PTN / PTB / PTC / PT do B	2º TURNO	1	365655	Presidente
280000000085	45	AÉCIO NEVES DA CUNHA	MA	PSDB	MUDA BRASIL	PSDB / PMN / SD / DEM / PEN / PTN / PTB / PTC / PT do B	NÃO ELEITO	2	667823	Presidente
280000000085	45	AÉCIO NEVES DA CUNHA	MG	PSDB	MUDA BRASIL	PSDB / PMN / SD / DEM / PEN / PTN / PTB / PTC / PT do B	2º TURNO	1	4417876	Presidente
280000000085	45	AÉCIO NEVES DA CUNHA	MG	PSDB	MUDA BRASIL	PSDB / PMN / SD / DEM / PEN / PTN / PTB / PTC / PT do B	NÃO ELEITO	2	5432465	Presidente
280000000085	45	AÉCIO NEVES DA CUNHA	MS	PSDB	MUDA BRASIL	PSDB / PMN / SD / DEM / PEN / PTN / PTB / PTC / PT do B	2º TURNO	1	558826	Presidente
280000000085	45	AÉCIO NEVES DA CUNHA	MS	PSDB	MUDA BRASIL	PSDB / PMN / SD / DEM / PEN / PTN / PTB / PTC / PT do B	NÃO ELEITO	2	762797	Presidente
280000000085	45	AÉCIO NEVES DA CUNHA	MT	PSDB	MUDA BRASIL	PSDB / PMN / SD / DEM / PEN / PTN / PTB / PTC / PT do B	2º TURNO	1	693755	Presidente
280000000085	45	AÉCIO NEVES DA CUNHA	MT	PSDB	MUDA BRASIL	PSDB / PMN / SD / DEM / PEN / PTN / PTB / PTC / PT do B	NÃO ELEITO	2	865610	Presidente
280000000085	45	AÉCIO NEVES DA CUNHA	PA	PSDB	MUDA BRASIL	PSDB / PMN / SD / DEM / PEN / PTN / PTB / PTC / PT do B	2º TURNO	1	1058334	Presidente
280000000085	45	AÉCIO NEVES DA CUNHA	PA	PSDB	MUDA BRASIL	PSDB / PMN / SD / DEM / PEN / PTN / PTB / PTC / PT do B	NÃO ELEITO	2	1561066	Presidente
280000000085	45	AÉCIO NEVES DA CUNHA	PB	PSDB	MUDA BRASIL	PSDB / PMN / SD / DEM / PEN / PTN / PTB / PTC / PT do B	2º TURNO	1	490962	Presidente
280000000085	45	AÉCIO NEVES DA CUNHA	PB	PSDB	MUDA BRASIL	PSDB / PMN / SD / DEM / PEN / PTN / PTB / PTC / PT do B	NÃO ELEITO	2	768475	Presidente
280000000085	45	AÉCIO NEVES DA CUNHA	PE	PSDB	MUDA BRASIL	PSDB / PMN / SD / DEM / PEN / PTN / PTB / PTC / PT do B	2º TURNO	1	285315	Presidente
280000000085	45	AÉCIO NEVES DA CUNHA	PE	PSDB	MUDA BRASIL	PSDB / PMN / SD / DEM / PEN / PTN / PTB / PTC / PT do B	NÃO ELEITO	2	1460279	Presidente
280000000085	45	AÉCIO NEVES DA CUNHA	PI	PSDB	MUDA BRASIL	PSDB / PMN / SD / DEM / PEN / PTN / PTB / PTC / PT do B	2º TURNO	1	242256	Presidente
280000000085	45	AÉCIO NEVES DA CUNHA	PI	PSDB	MUDA BRASIL	PSDB / PMN / SD / DEM / PEN / PTN / PTB / PTC / PT do B	NÃO ELEITO	2	384157	Presidente
280000000085	45	AÉCIO NEVES DA CUNHA	PR	PSDB	MUDA BRASIL	PSDB / PMN / SD / DEM / PEN / PTN / PTB / PTC / PT do B	2º TURNO	1	3021988	Presidente
280000000085	45	AÉCIO NEVES DA CUNHA	PR	PSDB	MUDA BRASIL	PSDB / PMN / SD / DEM / PEN / PTN / PTB / PTC / PT do B	NÃO ELEITO	2	3769054	Presidente
280000000085	45	AÉCIO NEVES DA CUNHA	RJ	PSDB	MUDA BRASIL	PSDB / PMN / SD / DEM / PEN / PTN / PTB / PTC / PT do B	2º TURNO	1	2249662	Presidente
280000000085	45	AÉCIO NEVES DA CUNHA	RJ	PSDB	MUDA BRASIL	PSDB / PMN / SD / DEM / PEN / PTN / PTB / PTC / PT do B	NÃO ELEITO	2	3685122	Presidente
280000000085	45	AÉCIO NEVES DA CUNHA	RN	PSDB	MUDA BRASIL	PSDB / PMN / SD / DEM / PEN / PTN / PTB / PTC / PT do B	2º TURNO	1	330264	Presidente
280000000085	45	AÉCIO NEVES DA CUNHA	RN	PSDB	MUDA BRASIL	PSDB / PMN / SD / DEM / PEN / PTN / PTB / PTC / PT do B	NÃO ELEITO	2	516487	Presidente
280000000085	45	AÉCIO NEVES DA CUNHA	RO	PSDB	MUDA BRASIL	PSDB / PMN / SD / DEM / PEN / PTN / PTB / PTC / PT do B	2º TURNO	1	371937	Presidente
280000000085	45	AÉCIO NEVES DA CUNHA	RO	PSDB	MUDA BRASIL	PSDB / PMN / SD / DEM / PEN / PTN / PTB / PTC / PT do B	NÃO ELEITO	2	442698	Presidente
280000000085	45	AÉCIO NEVES DA CUNHA	RR	PSDB	MUDA BRASIL	PSDB / PMN / SD / DEM / PEN / PTN / PTB / PTC / PT do B	2º TURNO	1	109070	Presidente
280000000085	45	AÉCIO NEVES DA CUNHA	RR	PSDB	MUDA BRASIL	PSDB / PMN / SD / DEM / PEN / PTN / PTB / PTC / PT do B	NÃO ELEITO	2	139752	Presidente
280000000085	45	AÉCIO NEVES DA CUNHA	RS	PSDB	MUDA BRASIL	PSDB / PMN / SD / DEM / PEN / PTN / PTB / PTC / PT do B	2º TURNO	1	2639647	Presidente
280000000085	45	AÉCIO NEVES DA CUNHA	RS	PSDB	MUDA BRASIL	PSDB / PMN / SD / DEM / PEN / PTN / PTB / PTC / PT do B	NÃO ELEITO	2	3455214	Presidente
280000000085	45	AÉCIO NEVES DA CUNHA	SC	PSDB	MUDA BRASIL	PSDB / PMN / SD / DEM / PEN / PTN / PTB / PTC / PT do B	2º TURNO	1	1963772	Presidente
280000000085	45	AÉCIO NEVES DA CUNHA	SC	PSDB	MUDA BRASIL	PSDB / PMN / SD / DEM / PEN / PTN / PTB / PTC / PT do B	NÃO ELEITO	2	2472142	Presidente
280000000085	45	AÉCIO NEVES DA CUNHA	SE	PSDB	MUDA BRASIL	PSDB / PMN / SD / DEM / PEN / PTN / PTB / PTC / PT do B	2º TURNO	1	248756	Presidente
280000000085	45	AÉCIO NEVES DA CUNHA	SE	PSDB	MUDA BRASIL	PSDB / PMN / SD / DEM / PEN / PTN / PTB / PTC / PT do B	NÃO ELEITO	2	380654	Presidente
280000000085	45	AÉCIO NEVES DA CUNHA	SP	PSDB	MUDA BRASIL	PSDB / PMN / SD / DEM / PEN / PTN / PTB / PTC / PT do B	2º TURNO	1	10165921	Presidente
280000000085	45	AÉCIO NEVES DA CUNHA	SP	PSDB	MUDA BRASIL	PSDB / PMN / SD / DEM / PEN / PTN / PTB / PTC / PT do B	NÃO ELEITO	2	15311664	Presidente
280000000085	45	AÉCIO NEVES DA CUNHA	TO	PSDB	MUDA BRASIL	PSDB / PMN / SD / DEM / PEN / PTN / PTB / PTC / PT do B	2º TURNO	1	203183	Presidente
280000000085	45	AÉCIO NEVES DA CUNHA	TO	PSDB	MUDA BRASIL	PSDB / PMN / SD / DEM / PEN / PTN / PTB / PTC / PT do B	NÃO ELEITO	2	292176	Presidente
280000000085	45	AÉCIO NEVES DA CUNHA	ZZ	PSDB	MUDA BRASIL	PSDB / PMN / SD / DEM / PEN / PTN / PTB / PTC / PT do B	2º TURNO	1	65713	Presidente
280000000085	45	AÉCIO NEVES DA CUNHA	ZZ	PSDB	MUDA BRASIL	PSDB / PMN / SD / DEM / PEN / PTN / PTB / PTC / PT do B	NÃO ELEITO	2	104121	Presidente
280000000121	40	MARIA OSMARINA MARINA DA SILVA VAZ DE LIMA	AC	PSB	UNIDOS PELO BRASIL	PHS / PRP / PPS / PPL / PSB / PSL	NÃO ELEITO	1	167603	Presidente
280000000121	40	MARIA OSMARINA MARINA DA SILVA VAZ DE LIMA	AL	PSB	UNIDOS PELO BRASIL	PHS / PRP / PPS / PPL / PSB / PSL	NÃO ELEITO	1	356803	Presidente
280000000121	40	MARIA OSMARINA MARINA DA SILVA VAZ DE LIMA	AM	PSB	UNIDOS PELO BRASIL	PHS / PRP / PPS / PPL / PSB / PSL	NÃO ELEITO	1	361632	Presidente
280000000121	40	MARIA OSMARINA MARINA DA SILVA VAZ DE LIMA	AP	PSB	UNIDOS PELO BRASIL	PHS / PRP / PPS / PPL / PSB / PSL	NÃO ELEITO	1	77791	Presidente
280000000121	40	MARIA OSMARINA MARINA DA SILVA VAZ DE LIMA	BA	PSB	UNIDOS PELO BRASIL	PHS / PRP / PPS / PPL / PSB / PSL	NÃO ELEITO	1	1284711	Presidente
280000000121	40	MARIA OSMARINA MARINA DA SILVA VAZ DE LIMA	CE	PSB	UNIDOS PELO BRASIL	PHS / PRP / PPS / PPL / PSB / PSL	NÃO ELEITO	1	638614	Presidente
280000000121	40	MARIA OSMARINA MARINA DA SILVA VAZ DE LIMA	DF	PSB	UNIDOS PELO BRASIL	PHS / PRP / PPS / PPL / PSB / PSL	NÃO ELEITO	1	565279	Presidente
280000000121	40	MARIA OSMARINA MARINA DA SILVA VAZ DE LIMA	ES	PSB	UNIDOS PELO BRASIL	PHS / PRP / PPS / PPL / PSB / PSL	NÃO ELEITO	1	567964	Presidente
280000000121	40	MARIA OSMARINA MARINA DA SILVA VAZ DE LIMA	GO	PSB	UNIDOS PELO BRASIL	PHS / PRP / PPS / PPL / PSB / PSL	NÃO ELEITO	1	771591	Presidente
280000000121	40	MARIA OSMARINA MARINA DA SILVA VAZ DE LIMA	MA	PSB	UNIDOS PELO BRASIL	PHS / PRP / PPS / PPL / PSB / PSL	NÃO ELEITO	1	535013	Presidente
280000000121	40	MARIA OSMARINA MARINA DA SILVA VAZ DE LIMA	MG	PSB	UNIDOS PELO BRASIL	PHS / PRP / PPS / PPL / PSB / PSL	NÃO ELEITO	1	1555553	Presidente
280000000121	40	MARIA OSMARINA MARINA DA SILVA VAZ DE LIMA	MS	PSB	UNIDOS PELO BRASIL	PHS / PRP / PPS / PPL / PSB / PSL	NÃO ELEITO	1	257976	Presidente
280000000121	40	MARIA OSMARINA MARINA DA SILVA VAZ DE LIMA	MT	PSB	UNIDOS PELO BRASIL	PHS / PRP / PPS / PPL / PSB / PSL	NÃO ELEITO	1	220067	Presidente
280000000121	40	MARIA OSMARINA MARINA DA SILVA VAZ DE LIMA	PA	PSB	UNIDOS PELO BRASIL	PHS / PRP / PPS / PPL / PSB / PSL	NÃO ELEITO	1	627319	Presidente
280000000121	40	MARIA OSMARINA MARINA DA SILVA VAZ DE LIMA	PB	PSB	UNIDOS PELO BRASIL	PHS / PRP / PPS / PPL / PSB / PSL	NÃO ELEITO	1	393685	Presidente
280000000121	40	MARIA OSMARINA MARINA DA SILVA VAZ DE LIMA	PE	PSB	UNIDOS PELO BRASIL	PHS / PRP / PPS / PPL / PSB / PSL	NÃO ELEITO	1	2311491	Presidente
280000000121	40	MARIA OSMARINA MARINA DA SILVA VAZ DE LIMA	PI	PSB	UNIDOS PELO BRASIL	PHS / PRP / PPS / PPL / PSB / PSL	NÃO ELEITO	1	246271	Presidente
280000000121	40	MARIA OSMARINA MARINA DA SILVA VAZ DE LIMA	PR	PSB	UNIDOS PELO BRASIL	PHS / PRP / PPS / PPL / PSB / PSL	NÃO ELEITO	1	861820	Presidente
280000000121	40	MARIA OSMARINA MARINA DA SILVA VAZ DE LIMA	RJ	PSB	UNIDOS PELO BRASIL	PHS / PRP / PPS / PPL / PSB / PSL	NÃO ELEITO	1	2592292	Presidente
280000000121	40	MARIA OSMARINA MARINA DA SILVA VAZ DE LIMA	RN	PSB	UNIDOS PELO BRASIL	PHS / PRP / PPS / PPL / PSB / PSL	NÃO ELEITO	1	286301	Presidente
280000000121	40	MARIA OSMARINA MARINA DA SILVA VAZ DE LIMA	RO	PSB	UNIDOS PELO BRASIL	PHS / PRP / PPS / PPL / PSB / PSL	NÃO ELEITO	1	86293	Presidente
280000000121	40	MARIA OSMARINA MARINA DA SILVA VAZ DE LIMA	RR	PSB	UNIDOS PELO BRASIL	PHS / PRP / PPS / PPL / PSB / PSL	NÃO ELEITO	1	47087	Presidente
280000000121	40	MARIA OSMARINA MARINA DA SILVA VAZ DE LIMA	RS	PSB	UNIDOS PELO BRASIL	PHS / PRP / PPS / PPL / PSB / PSL	NÃO ELEITO	1	732828	Presidente
280000000121	40	MARIA OSMARINA MARINA DA SILVA VAZ DE LIMA	SC	PSB	UNIDOS PELO BRASIL	PHS / PRP / PPS / PPL / PSB / PSL	NÃO ELEITO	1	476430	Presidente
280000000121	40	MARIA OSMARINA MARINA DA SILVA VAZ DE LIMA	SE	PSB	UNIDOS PELO BRASIL	PHS / PRP / PPS / PPL / PSB / PSL	NÃO ELEITO	1	203390	Presidente
280000000121	40	MARIA OSMARINA MARINA DA SILVA VAZ DE LIMA	SP	PSB	UNIDOS PELO BRASIL	PHS / PRP / PPS / PPL / PSB / PSL	NÃO ELEITO	1	5765598	Presidente
280000000121	40	MARIA OSMARINA MARINA DA SILVA VAZ DE LIMA	TO	PSB	UNIDOS PELO BRASIL	PHS / PRP / PPS / PPL / PSB / PSL	NÃO ELEITO	1	150690	Presidente
280000000121	40	MARIA OSMARINA MARINA DA SILVA VAZ DE LIMA	ZZ	PSB	UNIDOS PELO BRASIL	PHS / PRP / PPS / PPL / PSB / PSL	NÃO ELEITO	1	34527	Presidente
