﻿id_candidate_seq	id_candidate_num	cat_candidate_name	cat_state	cat_party	cat_coalition	cat_composition	cat_eletion_result	num_turn	num_votes	cat_political_office
10000000001	111	GLADSON DE LIMA CAMELI	AC	PP	ALIANÇA POR UM ACRE MELHOR	PMDB / PSDB / PT do B / PSC / PTC / PPS / PR / SD / PP / PSD	ELEITO	1	218756	Senador
10000000141	500	FORTUNATO MARTINS FILHO	AC	PSOL	PARTIDO ISOLADO	PSOL	NÃO ELEITO	1	2232	Senador
10000000154	654	MARIA PERPETUA DE ALMEIDA	AC	PC do B	FRENTE POPULAR DO ACRE	PDT / PRB / PT / PSL / PTN / PSDC / PHS / PSB / PRP / PEN / PPL / PC do B / PROS / PTB	NÃO ELEITO	1	136706	Senador
10000000355	333	ROBERTO DUARTE JUNIOR	AC	PMN	PRODUZIR PARA EMPREGAR	DEM / PV / PMN	NÃO ELEITO	1	17119	Senador
20000000012	500	HELOÍSA HELENA LIMA DE MORAES	AL	PSOL	FRENTE DE ESQUERDA DE ALAGOAS	PSOL / PSTU	NÃO ELEITO	1	394309	Senador
20000000028	511	MARCOS ANTONIO CARDOSO DE BRITO	AL	PEN	PARTIDO ISOLADO	PEN	NÃO ELEITO	1	1922	Senador
20000000034	192	MARCOS BARROS AGUIAR	AL	PTN	PARTIDO ISOLADO	PTN	NÃO ELEITO	1	2741	Senador
20000000040	288	OLDEMBERG FONSECA PARANHOS	AL	PRTB	CAMINHANDO COM O POVO	PRTB / PPL / PMN	NÃO ELEITO	1	6390	Senador
20000000101	255	OMAR COELHO DE MELLO	AL	DEM	JUNTOS COM O POVO PELA MELHORIA DE ALAGOAS	PPS / PP / PSDC / PRP / PR / PSL / PSB / DEM / SD	NÃO ELEITO	1	137237	Senador
20000000199	144	FERNANDO AFFONSO COLLOR DE MELLO	AL	PTB	COM O POVO PRA ALAGOAS MUDAR	PV / PT do B / PMDB / PROS / PC do B / PSC / PHS / PTB / PSD / PDT / PT	ELEITO	1	689266	Senador
20000000402	369	ELIAS BARROS DIAS	AL	PTC	PARTIDO ISOLADO	PTC	NÃO ELEITO	1	5914	Senador
30000000006	161	PAULO RICARDO OLIVEIRA FARIAS	AP	PSTU	PARTIDO ISOLADO	PSTU	NÃO ELEITO	1	2558	Senador
30000000010	369	PALMIRA DAS NEVES BITTENCOURT	AP	PTC	PARTIDO ISOLADO	PTC	NÃO ELEITO	1	5016	Senador
30000000013	333	RAQUEL CAPIBERIBE DA SILVA	AP	PMN	PARTIDO ISOLADO	PMN	NÃO ELEITO	1	3545	Senador
30000000016	280	MARCO ANTONIO REIS DE ABREU	AP	PRTB	PARTIDO ISOLADO	PRTB	NÃO ELEITO	1	1486	Senador
30000000027	255	DAVID SAMUEL ALCOLUMBRE TOBELEM	AP	DEM	JUNTOS PELO DESENVOLVIMENTO PELA PAZ E PELA VIDA	DEM / PSDB / SD / PSD	ELEITO	1	131695	Senador
30000000113	152	GILVAM PINHEIRO BORGES	AP	PMDB	A FORÇA DO POVO	PP / PDT / PMDB	NÃO ELEITO	1	124438	Senador
30000000364	511	MOISES RIVALDO PEREIRA	AP	PEN	UNIDOS PELO AMAPÁ QUE QUEREMOS	PT do B / PRB / PROS / PR / PEN / PV / PHS / PSDC / PTN	NÃO ELEITO	1	48136	Senador
30000000481	131	DORALICE NASCIMENTO DE SOUZA	AP	PT	FRENTE POPULAR A FAVOR DO AMAPA	PSB / PT / PSOL / PC do B	NÃO ELEITO	1	38919	Senador
30000000484	441	JORVAN TAVARES NASCIMENTO	AP	PRP	PARTIDO ISOLADO	PRP	NÃO ELEITO	1	7443	Senador
40000000007	161	JULIO CEZAR FERRAZ DE SOUZA	AM	PSTU	PARTIDO ISOLADO	PSTU	NÃO ELEITO	1	3029	Senador
40000000074	131	FRANCISCO EDNALDO PRACIANO	AM	PT	RENOVAÇÃO E EXPERIÊNCIA	PMDB / PP / PT / PDT / PTB / PPS / PRB / PSDC / PPL / PC do B	NÃO ELEITO	1	549748	Senador
40000000489	555	OMAR JOSE ABDEL AZIZ	AM	PSD	FAZENDO MAIS POR NOSSA GENTE	PROS / DEM / PSL / PTN / PSC / PR / PRTB / PHS / PTC / PV / PRP / PSDB / PEN / PSD / SD / PT do B	ELEITO	1	933996	Senador
40000000598	400	MARCELO AUGUSTO DA EIRA CORREA	AM	PSB	PARTIDO ISOLADO	PSB	NÃO ELEITO	1	91428	Senador
40000000708	500	MARCOS ANTONIO DE QUEIROZ	AM	PSOL	PARTIDO ISOLADO	PSOL	NÃO ELEITO	1	11234	Senador
40000000866	333	JONATAS ALMEIDA DE OLIVEIRA	AM	PMN	PARTIDO ISOLADO	PMN	NÃO ELEITO	1	6830	Senador
50000000021	500	HAMILTON MOREIRA DE ASSIS	BA	PSOL	PARTIDO ISOLADO	PSOL	NÃO ELEITO	1	54105	Senador
50000000177	400	ELIANA CALMON ALVES	BA	PSB	UM NOVO CAMINHO PARA  A BAHIA	PSB / PSL / PPL	NÃO ELEITO	1	502928	Senador
50000000403	555	OTTO ROBERTO MENDONCA DE ALENCAR	BA	PSD	PRA BAHIA MUDAR MAIS	PT / PP / PSD / PDT / PR / PC do B / PTB / PMN	ELEITO	1	3341111	Senador
50000000621	150	GEDDEL QUADROS VIEIRA LIMA	BA	PMDB	UNIDOS PELA BAHIA	DEM / PSDB / PMDB / SD / PTN / PROS / PRB / PSC / PTC / PV / PPS / PRP / PT do B / PSDC	NÃO ELEITO	1	2064951	Senador
60000000091	400	GEOVANA MARIA CARTAXO DE ARRUDA FREIRE	CE	PSB	PARTIDO ISOLADO	PSB	NÃO ELEITO	1	66895	Senador
60000000422	161	RAQUEL DIAS ARAUJO	CE	PSTU	FRENTE DE ESQUERDA SOCIALISTA	PSTU / PCB / PSOL	NÃO ELEITO	1	42065	Senador
60000000605	456	TASSO RIBEIRO JEREISSATI	CE	PSDB	CEARÁ DE TODOS	PMDB / PSC / DEM / PSDC / PRP / PSDB / PR / PTN / PPS	ELEITO	1	2314796	Senador
60000000765	900	CARLOS MAURO BENEVIDES FILHO	CE	PROS	PARA O CEARA SEGUIR MUDANDO	PRB / PP / PDT / PT / PTB / PSL / PRTB / PHS / PMN / PTC / PV / PEN / PPL / PSD / PC do B / PT do B / SD / PROS	NÃO ELEITO	1	1573732	Senador
70000000146	144	JORGE AFONSO ARGELLO	DF	PTB	UNIÃO E FORÇA	PTB / PR / DEM / PRTB / PMN	NÃO ELEITO	1	271525	Senador
70000000156	211	JAMIL MAGARI	DF	PCB	PARTIDO ISOLADO	PCB	NÃO ELEITO	1	1028	Senador
70000000161	160	ROBSON RAYMUNDO DA SILVA	DF	PSTU	PARTIDO ISOLADO	PSTU	NÃO ELEITO	1	3571	Senador
70000000181	500	ALDEMARIO ARAUJO CASTRO	DF	PSOL	PARTIDO ISOLADO	PSOL	NÃO ELEITO	1	20697	Senador
70000000436	123	JOSÉ ANTONIO MACHADO REGUFFE	DF	PDT	SOMOS TODOS BRASÍLIA	PSB / SD / PDT / PSD	ELEITO	1	826576	Senador
70000000812	290	EXPEDITO CARNEIRO DE MENDONÇA	DF	PCO	PARTIDO ISOLADO	PCO	NÃO ELEITO	1	1172	Senador
70000000820	133	GERALDO MAGELA PEREIRA	DF	PT	RESPEITO POR BRASÍLIA	PT / PMDB / PRB / PC do B / PRP / PPL / PV / PP / PTN / PT do B / PSC / PROS / PTC / PSL / PHS / PEN	NÃO ELEITO	1	269791	Senador
70000000986	456	SANDRA SUELI QUEZADO SOARES	DF	PSDB	SERIEDADE PARA MUDAR	PSDB / PPS / PSDC	NÃO ELEITO	1	40506	Senador
80000000003	161	RAPHAEL GÓES FURTADO	ES	PSTU	FRENTE CLASSISTA E SOCIALISTA	PCB / PSTU	NÃO ELEITO	1	10012	Senador
80000000397	131	JOAO CARLOS COSER	ES	PT	COM A FORÇA DO POVO CAPIXABA	PDT / PT	NÃO ELEITO	1	338810	Senador
80000000426	156	ROSILDA DE FREITAS	ES	PMDB	O ESPIRITO SANTO PODE MUITO MAIS	PMDB / PSDB / DEM / SD / PEN / PROS / PRP	ELEITO	1	776978	Senador
80000000484	500	ANDRE LUIZ MOREIRA	ES	PSOL	PARTIDO ISOLADO	PSOL	NÃO ELEITO	1	32006	Senador
80000000762	433	NEUCIMAR FERREIRA FRAGA	ES	PV	PRA FRENTE ESPÍRITO SANTO	PSB / PSDC / PSL / PP / PRTB / PT do B / PPS / PR / PSC / PSD / PTC / PC do B / PV / PHS / PTN / PPL / PMN / PRB / PTB	NÃO ELEITO	1	522920	Senador
90000000001	271	ALDO MURO JUNIOR	GO	PSDC	PARTIDO ISOLADO	PSDC	NÃO ELEITO	1	9226	Senador
90000000026	401	AGUIMAR JESUÍNO DA SILVA	GO	PSB	PARTICIPAÇÃO POPULAR	PSB / PSC / PRP	NÃO ELEITO	1	80120	Senador
90000000318	131	MARINA PIGNATARO SANT'ANNA	GO	PT	PARTIDO ISOLADO	PT	NÃO ELEITO	1	298589	Senador
90000000512	500	ELBER SAMPAIO	GO	PSOL	PARTIDO ISOLADO	PSOL	NÃO ELEITO	1	9503	Senador
90000000605	251	RONALDO RAMOS CAIADO	GO	DEM	AMOR POR GOIAS	PMDB / DEM / SD / PC do B / PRTB / PTN / PPL	ELEITO	1	1283665	Senador
90000000640	551	VILMAR DA SILVA ROCHA	GO	PSD	GARANTIA DE UM FUTURO MELHOR PARA GOIÁS	PRB / PP / PDT / PTB / PSL / PR / PPS / PHS / PMN / PTC / PV / PSDB / PEN / PSD / PT do B / PROS	NÃO ELEITO	1	1012496	Senador
100000000003	163	MARCOS ANTONIO SILVA DO NASCIMENTO	MA	PSTU	PARTIDO ISOLADO	PSTU	NÃO ELEITO	1	48564	Senador
100000000016	400	ROBERTO COELHO ROCHA	MA	PSB	TODOS PELO MARANHÃO	PP / SD / PROS / PSDB / PC do B / PSB / PDT / PTC / PPS	ELEITO	1	1476840	Senador
100000000134	541	GERSON DOS SANTOS CARDOSO DA SILVA	MA	PPL	PARTIDO ISOLADO	PPL	NÃO ELEITO	1	6012	Senador
100000000199	500	HAROLDO FREITAS PIRES DE SABOIA	MA	PSOL	PARTIDO ISOLADO	PSOL	NÃO ELEITO	1	51539	Senador
100000000379	151	GASTÃO DIAS VIEIRA	MA	PMDB	PRA FRENTE MARANHÃO	PMDB / PSL / PEN / PSDC / PRP / PTN / PMN / PSC / PHS / PRTB / PR / PRB / DEM / PSD / PV / PT / PTB / PT do B	NÃO ELEITO	1	1283296	Senador
100000000536	212	EVANDNILSON CONCEIÇÃO DE ANDRADE	MA	PCB	PARTIDO ISOLADO	PCB	NÃO ELEITO	1	6382	Senador
110000000029	500	GILBERTO LOPES FILHO	MT	PSOL	PARTIDO ISOLADO	PSOL	NÃO ELEITO	1	16229	Senador
110000000159	555	RUI CARLOS OTTONI PRADO	MT	PSD	VIVA MATO GROSSO I	PSD / PTC / PTN / PEN / PRTB / SD	NÃO ELEITO	1	137380	Senador
110000000293	222	WELLINGTON ANTONIO FAGUNDES	MT	PR	AMOR A NOSSA GENTE	PT / PMDB / PROS / PR / PC do B	ELEITO	1	646344	Senador
110000000542	456	JOSE ROGÉRIO SALLES	MT	PSDB	CORAGEM E ATITUDE PRA MUDAR	PDT / PP / DEM / PSDB / PSB / PPS / PV / PTB / PSDC / PSC / PRP / PSL / PRB	NÃO ELEITO	1	541357	Senador
120000000003	167	VALDEMIR CASSIMIRO DE SOUZA	MS	PSTU	PARTIDO ISOLADO	PSTU	NÃO ELEITO	1	1435	Senador
120000000085	555	ANTONIO JOAO HUGO RODRIGUES	MS	PSD	NOVO TEMPO	PSDB / DEM / PSD / SD / PPS / PMN	NÃO ELEITO	1	86971	Senador
120000000278	151	SIMONE NASSAR TEBET	MS	PMDB	MS CADA VEZ MELHOR	PMDB / PSB / PT do B / PSC / PHS / PRB / PRTB / PTN / PEN	ELEITO	1	640336	Senador
120000000285	133	RICARDO AYACHE	MS	PT	MATO GROSSO DO SUL COM A FORÇA DE TODOS	PDT / PT / PSL / PR / PSDC / PV / PROS / PC do B / PTB / PTC / PPL / PRP	NÃO ELEITO	1	281022	Senador
120000000440	111	ALCIDES JESUS PERALTA BERNAL	MS	PP	PARTIDO ISOLADO	PP	NÃO ELEITO	1	204262	Senador
120000000483	500	LUCIEN ROBERTO GARCIA DE REZENDE	MS	PSOL	PARTIDO ISOLADO	PSOL	NÃO ELEITO	1	3056	Senador
130000000295	161	GERALDO DE ARAÚJO SILVA	MG	PSTU	FRENTE DE ESQUERDA SOCIALISTA	PSTU / PSOL	NÃO ELEITO	1	24676	Senador
130000000421	290	MARIA DAS GRAÇAS SOUSA VIEIRA	MG	PCO	PARTIDO ISOLADO	PCO	NÃO ELEITO	1	7389	Senador
130000000532	270	JOSE TARCISIO DOS SANTOS	MG	PSDC	PARTIDO ISOLADO	PSDC	NÃO ELEITO	1	21785	Senador
130000000910	150	JOSUÉ CHRISTIANO GOMES DA SILVA	MG	PMDB	MINAS PRA VOCÊ	PT / PMDB / PC do B / PROS / PRB	NÃO ELEITO	1	3614720	Senador
130000001160	700	EDILSON JOSE DO NASCIMENTO	MG	PT do B	+MINAS	PT do B / PRP / PHS / PEN	NÃO ELEITO	1	11300	Senador
130000001246	400	MARGARIDA LUIZA DE MATOS VIEIRA	MG	PSB	MINAS QUER MUDANÇA	PSB / PPL / PRTB	NÃO ELEITO	1	192649	Senador
130000001760	210	PABLO LUIZ DE OLIVEIRA LIMA	MG	PCB	PARTIDO ISOLADO	PCB	NÃO ELEITO	1	20183	Senador
130000001777	456	ANTONIO AUGUSTO JUNHO ANASTASIA	MG	PSDB	TODOS POR MINAS	PSDB / PP / DEM / PSD / PTB / PPS / PV / PDT / PR / PMN / PSC / PSL / PTC / SD	ELEITO	1	5102987	Senador
140000000034	433	SIMÃO HERNAN BENDAYAN	PA	PV	PARTIDO ISOLADO	PV	NÃO ELEITO	1	14058	Senador
140000000150	500	PEDRO HOLANDA MAIA	PA	PSOL	PARTIDO ISOLADO	PSOL	NÃO ELEITO	1	28547	Senador
140000000153	161	ANGELA SOARES DE AZEVEDO	PA	PSTU	PARTIDO ISOLADO	PSTU	NÃO ELEITO	1	10385	Senador
140000000211	777	MARCELA GIOVANA GUSMÃO TOLENTINO DE MATOS	PA	SD	PARTIDO ISOLADO	SD	NÃO ELEITO	1	94387	Senador
140000000340	555	HELENILSON CUNHA PONTES	PA	PSD	PARTIDO ISOLADO	PSD	NÃO ELEITO	1	313525	Senador
140000000650	131	PAULO ROBERTO GALVAO DA ROCHA	PA	PT	TODOS PELO PARA	PMDB / PT / DEM / PC do B / PHS / PSL / PROS / PDT / PPL / PTN / PR	ELEITO	1	1566350	Senador
140000000796	111	JEFFERSON ELY VALE DE LIMA	PA	PP	PARTIDO ISOLADO	PP	NÃO ELEITO	1	741427	Senador
140000000871	456	MARIO COUTO FILHO	PA	PSDB	PARTIDO ISOLADO	PSDB	NÃO ELEITO	1	624401	Senador
150000000001	360	WALTER CORREIA DE BRITO FILHO	PB	PTC	PARTIDO ISOLADO	PTC	NÃO ELEITO	1	11063	Senador
150000000022	500	NELSON ALEIXO DA SILVA JÚNIOR	PB	PSOL	PARTIDO ISOLADO	PSOL	NÃO ELEITO	1	11502	Senador
150000000054	133	LUCÉLIO CARTAXO PIRES DE SÁ	PB	PT	A FORÇA DO TRABALHO	PSB / PT / PDT / DEM / PRTB / PRP / PV / PSL / PC do B / PHS / PPL	NÃO ELEITO	1	521938	Senador
150000000158	155	JOSÉ TARGINO MARANHÃO	PB	PMDB	RENOVAÇÃO DE VERDADE	PMDB	ELEITO	1	647271	Senador
150000000333	161	SEVERINA DOS RAMOS SILVA DANTAS	PB	PSTU	PARTIDO ISOLADO	PSTU	NÃO ELEITO	1	1461	Senador
150000000372	900	LEILA DE CÁSSIA TAVARES DA FONSECA	PB	PROS	PARTIDO ISOLADO	PROS	NÃO ELEITO	1	44627	Senador
150000000409	145	JOSÉ WILSON SANTIAGO	PB	PTB	A VONTADE DO POVO	PSDB / PEN / PR / PTB / PSD / SD / PMN / PPS / PT do B / PTN / PRB / PSDC / PSC / PP	NÃO ELEITO	1	506093	Senador
160000000023	505	LUIZ ROMEIRO PIVA	PR	PSOL	PARTIDO ISOLADO	PSOL	NÃO ELEITO	1	50905	Senador
160000000321	151	MARCELO BELTRAO DE ALMEIDA	PR	PMDB	PARANÁ COM GOVERNO	PMDB / PV / PPL	NÃO ELEITO	1	465263	Senador
160000000560	456	ALVARO FERNANDES DIAS	PR	PSDB	TODOS PELO PARANÁ	PSDB / PROS / DEM / PSB / PSD / PTB / PP / PPS / PSC / PR / SD / PSL / PSDC / PMN / PHS / PEN / PT do B	ELEITO	1	4101848	Senador
160000000636	282	ADILSON DOS SANTOS SILVA	PR	PRTB	PARTIDO ISOLADO	PRTB	NÃO ELEITO	1	15720	Senador
160000000647	650	RICARDO CRACHINESKI GOMYDE	PR	PC do B	PARANÁ OLHANDO PRA FRENTE	PT / PDT / PC do B / PRB / PTN	NÃO ELEITO	1	666438	Senador
160000001024	444	MAURI VIANA PEREIRA	PR	PRP	PARTIDO ISOLADO	PRP	NÃO ELEITO	1	18073	Senador
160000001252	360	LUIZ ANTONIO BARBARA	PR	PTC	PARTIDO ISOLADO	PTC	NÃO ELEITO	1	0	Senador
170000000005	162	SIMONE FONTANA	PE	PSTU	PARTIDO ISOLADO	PSTU	NÃO ELEITO	1	5689	Senador
170000000015	211	ANTONIO ELIAS PEREIRA	PE	PCB	PARTIDO ISOLADO	PCB	NÃO ELEITO	1	2370	Senador
170000000026	400	FERNANDO BEZERRA DE SOUZA COELHO	PE	PSB	FRENTE POPULAR DE PERNAMBUCO	PMDB / PC do B / PSB / PTC / PRP / PV / PTN / PR / PSD / PPS / PSDB / SD / PPL / DEM / PHS / PSDC / PROS / PP / PEN / PRTB / PSL	ELEITO	1	2655912	Senador
170000000455	500	ALBANISE PIRES FERREIRA DE AZEVEDO	PE	PSOL	MOBILIZAÇÃO POR PODER POPULAR	PSOL / PMN	NÃO ELEITO	1	27319	Senador
170000000651	130	JOÃO PAULO LIMA E SILVA	PE	PT	PERNAMBUCO VAI MAIS LONGE	PTB / PT / PSC / PDT / PRB / PT do B	NÃO ELEITO	1	1436692	Senador
180000000003	160	GERALDO DO NASCIMENTO CARVALHO	PI	PSTU	PARTIDO ISOLADO	PSTU	NÃO ELEITO	1	8274	Senador
180000000014	200	GUSTAVO HENRIQUE LEITE FEIJÓ	PI	PSC	PARTIDO ISOLADO	PSC	NÃO ELEITO	1	19286	Senador
180000000033	544	CLAUDIONOR CHAVES DE OLIVEIRA	PI	PPL	PARTIDO ISOLADO	PPL	NÃO ELEITO	1	3840	Senador
180000000046	400	WILSON NUNES MARTINS	PI	PSB	PIAUÍ NO CORAÇÃO	PMDB / PSDB / PSB / PRB / PDT / PSL / PTN / PPS / DEM / PSDC / PMN / PTC / PSD / PC do B / PT do B / PV / PEN	NÃO ELEITO	1	562615	Senador
180000000238	141	ELMANO FÉRRER DE ALMEIDA	PI	PTB	A VITÓRIA COM A FORÇA DO POVO	PT / PP / PTB / PHS / PR / PROS / PRP / SD	ELEITO	1	981219	Senador
190000000102	161	HEITOR FERNANDES FILHO	RJ	PSTU	PARTIDO ISOLADO	PSTU	NÃO ELEITO	1	11444	Senador
190000000138	211	EDUARDO GONÇALVES SERRA	RJ	PCB	PARTIDO ISOLADO	PCB	NÃO ELEITO	1	0	Senador
190000000410	500	PEDRO ROSA CABRAL	RJ	PSOL	PARTIDO ISOLADO	PSOL	NÃO ELEITO	1	137652	Senador
190000000588	901	LILIAM SÁ DE PAULA	RJ	PROS	TRABALHISTA E REPUBLICANA	PROS / PR / PT do B	NÃO ELEITO	1	507872	Senador
190000000675	400	ROMÁRIO DE SOUZA FARIA	RJ	PSB	COLIGAÇÃO FRENTE POPULAR	PT / PV / PSB / PC do B	ELEITO	1	4683963	Senador
190000001408	100	SEBASTIÃO NEVES	RJ	PRB	PARTIDO ISOLADO	PRB	NÃO ELEITO	1	301162	Senador
190000001651	255	CESAR EPITACIO MAIA	RJ	DEM	O RIO EM 1º LUGAR	PMDB / PP / PSC / PTB / PSL / PPS / PTN / DEM / PSDC / PRTB / PHS / PMN / PTC / PRP / PSDB / PEN / PSD / SD	NÃO ELEITO	1	1514727	Senador
190000002501	123	CARLOS ROBERTO LUPI	RJ	PDT	PARTIDO ISOLADO	PDT	NÃO ELEITO	1	228086	Senador
200000000003	161	ANA CÉLIA SIQUEIRA FERREIRA	RN	PSTU	PARTIDO ISOLADO	PSTU	NÃO ELEITO	1	13253	Senador
200000000099	500	LAILSON DE ALMEIDA	RN	PSOL	PARTIDO ISOLADO	PSOL	NÃO ELEITO	1	15164	Senador
200000000129	400	WILMA MARIA DE FARIA	RN	PSB	UNIÃO PELA MUDANÇA	PMDB / PR / PSB / PROS / PDT / SD / PSC / PTB / PPS / PHS / PSDB / PSDC / PRB / PTN / PV / PMN / PRP	NÃO ELEITO	1	636896	Senador
200000000244	131	MARIA DE FÁTIMA BEZERRA	RN	PT	LIDERADOS PELO POVO	PSD / PT / PC do B / PT do B / PP / PEN / PRTB / PTC	ELEITO	1	808055	Senador
210000000002	131	OLÍVIO DE OLIVEIRA DUTRA	RS	PT	UNIDADE POPULAR PELO RIO GRANDE	PT / PTC / PC do B / PROS / PPL / PTB / PR	NÃO ELEITO	1	2024417	Senador
210000000067	160	JULIO CEZAR LEIRIAS FLORES	RS	PSTU	FRENTE DE ESQUERDA - PSOL / PSTU	PSOL / PSTU	NÃO ELEITO	1	22301	Senador
210000000283	123	LASIER COSTA MARTINS	RS	PDT	O RIO GRANDE MERECE MAIS	PDT / PSC / DEM / PV / PEN	ELEITO	1	2145479	Senador
210000000296	333	CIRO CASTILHO MACHADO	RS	PMN	PARTIDO ISOLADO	PMN	NÃO ELEITO	1	6981	Senador
210000000313	444	RUBENS GOLDENBERG	RS	PRP	PARTIDO ISOLADO	PRP	NÃO ELEITO	1	5818	Senador
210000000632	111	SIMONE REGINA DIEFENTHAELER LEITE	RS	PP	ESPERANÇA QUE UNE O RIO GRANDE	PP / PRB / PSDB / SD	NÃO ELEITO	1	606329	Senador
210000001241	151	PEDRO JORGE SIMON	RS	PMDB	O NOVO CAMINHO PARA O RIO GRANDE	PMDB / PSD / PPS / PSB / PHS / PT do B / PSL / PSDC	NÃO ELEITO	1	922143	Senador
220000000005	500	ALUIZIO VIDAL FLOR	RO	PSOL	FRENTE DE ESQUERDA PSOL/PSTU	PSOL / PSTU	NÃO ELEITO	1	77865	Senador
220000000121	555	RUBENS MOREIRA MENDES FILHO	RO	PSD	FRENTE MUDA RONDÔNIA	PSDB / PSDC / PSD / PEN / PHS / PSC / PMN / PT do B / PRB / DEM	NÃO ELEITO	1	193184	Senador
220000000189	123	ACIR MARCOS GURGACZ	RO	PDT	RONDONIA NO CAMINHO CERTO	PMDB / PDT / PSB / PTN / PTB / PC do B / PRTB / PSL / PRP	ELEITO	1	312614	Senador
220000000277	111	IVONE MEZZOMO CASSOL	RO	PP	O RESPEITO ESTA DE VOLTA	PP / PR / PPS / PROS / PV / PTC	NÃO ELEITO	1	160964	Senador
230000000002	144	FRANCISCO MOZARILDO DE MELO CAVALCANTI	RR	PTB	'SALVE RORAIMA'	PP / PTB / DEM	NÃO ELEITO	1	25594	Senador
230000000006	456	JOSE DE ANCHIETA JUNIOR	RR	PSDB	PARTIDO ISOLADO	PSDB	NÃO ELEITO	1	48309	Senador
230000000011	160	DIONISIO ALVES DA SILVA	RR	PSTU	ALTERNATIVA DE ESQUERDA PARA RORAIMA	PSOL / PSTU	NÃO ELEITO	1	2562	Senador
230000000250	223	LUCIANO DE SOUZA CASTRO	RR	PR	PARTIDO ISOLADO	PR	NÃO ELEITO	1	50118	Senador
230000000255	123	TELMÁRIO MOTA DE OLIVEIRA	RR	PDT	É PRA FRENTE QUE SE ANDA	PT / PDT / PC do B / PV / PTC	ELEITO	1	96888	Senador
230000000346	545	JOSY KEILA BERNARDES DE CARVALHO	RR	PPL	PARTIDO ISOLADO	PPL	NÃO ELEITO	1	11476	Senador
240000000059	500	AMAURI SOARES	SC	PSOL	PARTIDO ISOLADO	PSOL	NÃO ELEITO	1	94846	Senador
240000000189	130	MILTON MENDES DE OLIVEIRA	SC	PT	PARTIDO ISOLADO	PT	NÃO ELEITO	1	428000	Senador
240000000199	160	ROSANE DE SOUZA	SC	PSTU	PARTIDO ISOLADO	PSTU	NÃO ELEITO	1	8191	Senador
240000000209	155	DÁRIO ELIAS BERGER	SC	PMDB	COLIGAÇÃO SANTA CATARINA EM PRIMEIRO LUGAR	PSD / PRB / PMDB / PR / PTB / PSC / PSDC / PROS / PV / PC do B / PDT / DEM	ELEITO	1	1308521	Senador
240000000461	401	PAULO ROBERTO BARRETO BORNHAUSEN	SC	PSB	COLIGAÇÃO MUDA BRASIL; MUDA SANTA CATARINA	PP / PSL / PTN / PPS / PRTB / PHS / PTC / PSB / PSDB / PEN / PT do B / SD	NÃO ELEITO	1	1172948	Senador
240000000500	333	ALAN ALVES MOREIRA	SC	PMN	COLIGAÇÃO SANTA CATARINA PARA TODOS!	PPL / PMN	NÃO ELEITO	1	23436	Senador
250000000499	131	EDUARDO MATARAZZO SUPLICY	SP	PT	PARA MUDAR DE VERDADE	PT / PC do B / PR	NÃO ELEITO	1	6176499	Senador
250000000898	430	CARLOS ALBERTO DOS SANTOS	SP	PV	PARTIDO ISOLADO	PV	NÃO ELEITO	1	186598	Senador
250000001674	456	JOSÉ SERRA	SP	PSDB	AQUI É SÃO PAULO	PSDB / DEM / PEN / PMN / PT do B / PTC / PTN / SD / PPS / PRB / PSB / PSC / PSDC / PSL	ELEITO	1	11105874	Senador
250000001855	161	ANA LUIZA DE FIGUEIREDO GOMES	SP	PSTU	FRENTE DE ESQUERDA	PSOL / PSTU	NÃO ELEITO	1	101131	Senador
250000002089	555	GILBERTO KASSAB	SP	PSD	SÃO PAULO QUER O MELHOR	PMDB / PROS / PSD / PP / PDT	NÃO ELEITO	1	1128582	Senador
250000002261	281	RICARDO SIMON FLAQUER	SP	PRTB	PARTIDO ISOLADO	PRTB	NÃO ELEITO	1	14833	Senador
250000002562	140	MARLENE OLIVEIRA DE CAMPOS MACHADO	SP	PTB	PARTIDO ISOLADO	PTB	NÃO ELEITO	1	330302	Senador
250000002955	441	LUIZ FERNANDO AMARAL LUCAS	SP	PRP	UNIDOS POR SÃO PAULO	PHS / PRP	NÃO ELEITO	1	118758	Senador
260000000001	161	EDIVALDO SOARES LEANDRO	SE	PSTU	PARTIDO ISOLADO	PSTU	NÃO ELEITO	1	26307	Senador
260000000036	212	JOSÉ ANTÔNIO MARQUES DE OLIVEIRA	SE	PCB	PARTIDO ISOLADO	PCB	NÃO ELEITO	1	16669	Senador
260000000079	131	ROGÉRIO CARVALHO SANTOS	SE	PT	AGORA É O POVO	PT / PSD / PC do B / PRTB / PDT / PRP / PROS / PSDC / PMDB / PSB / PRB	NÃO ELEITO	1	416988	Senador
260000000082	251	MARIA DO CARMO DO NASCIMENTO ALVES	SE	DEM	AGORA SIM	DEM / PSDB / PP / PT do B / PSC / PTC / PSL / PTB / SD / PV / PPS / PHS / PMN / PR / PEN	ELEITO	1	448102	Senador
260000000264	543	MOACIR CRUZ DOS SANTOS	SE	PPL	PARTIDO ISOLADO	PPL	NÃO ELEITO	1	8038	Senador
270000000002	211	MARIA DA CONCEIÇÃO SILVA DE OLIVEIRA	TO	PCB	PARTIDO ISOLADO	PCB	NÃO ELEITO	1	4655	Senador
270000000011	155	KATIA REGINA DE ABREU	TO	PMDB	A EXPERIENCIA FAZ A MUDANÇA	PMDB / PT / PSD / PV	ELEITO	1	282052	Senador
270000000124	900	MANOEL ARAGÃO DA SILVA	TO	PROS	REAGE TOCANTINS	PROS / PTN / PPL / PMN / PSDC / PC do B / PT do B	NÃO ELEITO	1	107901	Senador
270000000281	777	CARLOS EDUARDO TORRES GOMES	TO	SD	A MUDANÇA QUE A GENTE VE	PRB / PP / PDT / PTB / PSL / PSC / PR / PPS / DEM / PRTB / PHS / PTC / PSB / PRP / PSDB / PEN / SD	NÃO ELEITO	1	276120	Senador
270000000318	500	ELVIO QUIRINO PEREIRA	TO	PSOL	PARTIDO ISOLADO	PSOL	NÃO ELEITO	1	6565	Senador
