[
  {
    "id_candidate_seq": 10000000001,
    "id_candidate_num": 111,
    "cat_candidate_name": "GLADSON DE LIMA CAMELI",
    "cat_state": "AC",
    "cat_party": "PP",
    "cat_coalition": "ALIANÇA POR UM ACRE MELHOR",
    "cat_composition": "PMDB / PSDB / PT do B / PSC / PTC / PPS / PR / SD / PP / PSD",
    "cat_eletion_result": "ELEITO",
    "num_turn": 1,
    "num_votes": 218756,
    "cat_political_office": "Senador"
  },
  {
    "id_candidate_seq": 10000000141,
    "id_candidate_num": 500,
    "cat_candidate_name": "FORTUNATO MARTINS FILHO",
    "cat_state": "AC",
    "cat_party": "PSOL",
    "cat_coalition": "PARTIDO ISOLADO",
    "cat_composition": "PSOL",
    "cat_eletion_result": "NÃO ELEITO",
    "num_turn": 1,
    "num_votes": 2232,
    "cat_political_office": "Senador"
  },
  {
    "id_candidate_seq": 10000000154,
    "id_candidate_num": 654,
    "cat_candidate_name": "MARIA PERPETUA DE ALMEIDA",
    "cat_state": "AC",
    "cat_party": "PC do B",
    "cat_coalition": "FRENTE POPULAR DO ACRE",
    "cat_composition": "PDT / PRB / PT / PSL / PTN / PSDC / PHS / PSB / PRP / PEN / PPL / PC do B / PROS / PTB",
    "cat_eletion_result": "NÃO ELEITO",
    "num_turn": 1,
    "num_votes": 136706,
    "cat_political_office": "Senador"
  },
  {
    "id_candidate_seq": 10000000355,
    "id_candidate_num": 333,
    "cat_candidate_name": "ROBERTO DUARTE JUNIOR",
    "cat_state": "AC",
    "cat_party": "PMN",
    "cat_coalition": "PRODUZIR PARA EMPREGAR",
    "cat_composition": "DEM / PV / PMN",
    "cat_eletion_result": "NÃO ELEITO",
    "num_turn": 1,
    "num_votes": 17119,
    "cat_political_office": "Senador"
  },
  {
    "id_candidate_seq": 20000000012,
    "id_candidate_num": 500,
    "cat_candidate_name": "HELOÍSA HELENA LIMA DE MORAES",
    "cat_state": "AL",
    "cat_party": "PSOL",
    "cat_coalition": "FRENTE DE ESQUERDA DE ALAGOAS",
    "cat_composition": "PSOL / PSTU",
    "cat_eletion_result": "NÃO ELEITO",
    "num_turn": 1,
    "num_votes": 394309,
    "cat_political_office": "Senador"
  },
  {
    "id_candidate_seq": 20000000028,
    "id_candidate_num": 511,
    "cat_candidate_name": "MARCOS ANTONIO CARDOSO DE BRITO",
    "cat_state": "AL",
    "cat_party": "PEN",
    "cat_coalition": "PARTIDO ISOLADO",
    "cat_composition": "PEN",
    "cat_eletion_result": "NÃO ELEITO",
    "num_turn": 1,
    "num_votes": 1922,
    "cat_political_office": "Senador"
  },
  {
    "id_candidate_seq": 20000000034,
    "id_candidate_num": 192,
    "cat_candidate_name": "MARCOS BARROS AGUIAR",
    "cat_state": "AL",
    "cat_party": "PTN",
    "cat_coalition": "PARTIDO ISOLADO",
    "cat_composition": "PTN",
    "cat_eletion_result": "NÃO ELEITO",
    "num_turn": 1,
    "num_votes": 2741,
    "cat_political_office": "Senador"
  },
  {
    "id_candidate_seq": 20000000040,
    "id_candidate_num": 288,
    "cat_candidate_name": "OLDEMBERG FONSECA PARANHOS",
    "cat_state": "AL",
    "cat_party": "PRTB",
    "cat_coalition": "CAMINHANDO COM O POVO",
    "cat_composition": "PRTB / PPL / PMN",
    "cat_eletion_result": "NÃO ELEITO",
    "num_turn": 1,
    "num_votes": 6390,
    "cat_political_office": "Senador"
  },
  {
    "id_candidate_seq": 20000000101,
    "id_candidate_num": 255,
    "cat_candidate_name": "OMAR COELHO DE MELLO",
    "cat_state": "AL",
    "cat_party": "DEM",
    "cat_coalition": "JUNTOS COM O POVO PELA MELHORIA DE ALAGOAS",
    "cat_composition": "PPS / PP / PSDC / PRP / PR / PSL / PSB / DEM / SD",
    "cat_eletion_result": "NÃO ELEITO",
    "num_turn": 1,
    "num_votes": 137237,
    "cat_political_office": "Senador"
  },
  {
    "id_candidate_seq": 20000000199,
    "id_candidate_num": 144,
    "cat_candidate_name": "FERNANDO AFFONSO COLLOR DE MELLO",
    "cat_state": "AL",
    "cat_party": "PTB",
    "cat_coalition": "COM O POVO PRA ALAGOAS MUDAR",
    "cat_composition": "PV / PT do B / PMDB / PROS / PC do B / PSC / PHS / PTB / PSD / PDT / PT",
    "cat_eletion_result": "ELEITO",
    "num_turn": 1,
    "num_votes": 689266,
    "cat_political_office": "Senador"
  },
  {
    "id_candidate_seq": 20000000402,
    "id_candidate_num": 369,
    "cat_candidate_name": "ELIAS BARROS DIAS",
    "cat_state": "AL",
    "cat_party": "PTC",
    "cat_coalition": "PARTIDO ISOLADO",
    "cat_composition": "PTC",
    "cat_eletion_result": "NÃO ELEITO",
    "num_turn": 1,
    "num_votes": 5914,
    "cat_political_office": "Senador"
  },
  {
    "id_candidate_seq": 30000000006,
    "id_candidate_num": 161,
    "cat_candidate_name": "PAULO RICARDO OLIVEIRA FARIAS",
    "cat_state": "AP",
    "cat_party": "PSTU",
    "cat_coalition": "PARTIDO ISOLADO",
    "cat_composition": "PSTU",
    "cat_eletion_result": "NÃO ELEITO",
    "num_turn": 1,
    "num_votes": 2558,
    "cat_political_office": "Senador"
  },
  {
    "id_candidate_seq": 30000000010,
    "id_candidate_num": 369,
    "cat_candidate_name": "PALMIRA DAS NEVES BITTENCOURT",
    "cat_state": "AP",
    "cat_party": "PTC",
    "cat_coalition": "PARTIDO ISOLADO",
    "cat_composition": "PTC",
    "cat_eletion_result": "NÃO ELEITO",
    "num_turn": 1,
    "num_votes": 5016,
    "cat_political_office": "Senador"
  },
  {
    "id_candidate_seq": 30000000013,
    "id_candidate_num": 333,
    "cat_candidate_name": "RAQUEL CAPIBERIBE DA SILVA",
    "cat_state": "AP",
    "cat_party": "PMN",
    "cat_coalition": "PARTIDO ISOLADO",
    "cat_composition": "PMN",
    "cat_eletion_result": "NÃO ELEITO",
    "num_turn": 1,
    "num_votes": 3545,
    "cat_political_office": "Senador"
  },
  {
    "id_candidate_seq": 30000000016,
    "id_candidate_num": 280,
    "cat_candidate_name": "MARCO ANTONIO REIS DE ABREU",
    "cat_state": "AP",
    "cat_party": "PRTB",
    "cat_coalition": "PARTIDO ISOLADO",
    "cat_composition": "PRTB",
    "cat_eletion_result": "NÃO ELEITO",
    "num_turn": 1,
    "num_votes": 1486,
    "cat_political_office": "Senador"
  },
  {
    "id_candidate_seq": 30000000027,
    "id_candidate_num": 255,
    "cat_candidate_name": "DAVID SAMUEL ALCOLUMBRE TOBELEM",
    "cat_state": "AP",
    "cat_party": "DEM",
    "cat_coalition": "JUNTOS PELO DESENVOLVIMENTO PELA PAZ E PELA VIDA",
    "cat_composition": "DEM / PSDB / SD / PSD",
    "cat_eletion_result": "ELEITO",
    "num_turn": 1,
    "num_votes": 131695,
    "cat_political_office": "Senador"
  },
  {
    "id_candidate_seq": 30000000113,
    "id_candidate_num": 152,
    "cat_candidate_name": "GILVAM PINHEIRO BORGES",
    "cat_state": "AP",
    "cat_party": "PMDB",
    "cat_coalition": "A FORÇA DO POVO",
    "cat_composition": "PP / PDT / PMDB",
    "cat_eletion_result": "NÃO ELEITO",
    "num_turn": 1,
    "num_votes": 124438,
    "cat_political_office": "Senador"
  },
  {
    "id_candidate_seq": 30000000364,
    "id_candidate_num": 511,
    "cat_candidate_name": "MOISES RIVALDO PEREIRA",
    "cat_state": "AP",
    "cat_party": "PEN",
    "cat_coalition": "UNIDOS PELO AMAPÁ QUE QUEREMOS",
    "cat_composition": "PT do B / PRB / PROS / PR / PEN / PV / PHS / PSDC / PTN",
    "cat_eletion_result": "NÃO ELEITO",
    "num_turn": 1,
    "num_votes": 48136,
    "cat_political_office": "Senador"
  },
  {
    "id_candidate_seq": 30000000481,
    "id_candidate_num": 131,
    "cat_candidate_name": "DORALICE NASCIMENTO DE SOUZA",
    "cat_state": "AP",
    "cat_party": "PT",
    "cat_coalition": "FRENTE POPULAR A FAVOR DO AMAPA",
    "cat_composition": "PSB / PT / PSOL / PC do B",
    "cat_eletion_result": "NÃO ELEITO",
    "num_turn": 1,
    "num_votes": 38919,
    "cat_political_office": "Senador"
  },
  {
    "id_candidate_seq": 30000000484,
    "id_candidate_num": 441,
    "cat_candidate_name": "JORVAN TAVARES NASCIMENTO",
    "cat_state": "AP",
    "cat_party": "PRP",
    "cat_coalition": "PARTIDO ISOLADO",
    "cat_composition": "PRP",
    "cat_eletion_result": "NÃO ELEITO",
    "num_turn": 1,
    "num_votes": 7443,
    "cat_political_office": "Senador"
  },
  {
    "id_candidate_seq": 40000000007,
    "id_candidate_num": 161,
    "cat_candidate_name": "JULIO CEZAR FERRAZ DE SOUZA",
    "cat_state": "AM",
    "cat_party": "PSTU",
    "cat_coalition": "PARTIDO ISOLADO",
    "cat_composition": "PSTU",
    "cat_eletion_result": "NÃO ELEITO",
    "num_turn": 1,
    "num_votes": 3029,
    "cat_political_office": "Senador"
  },
  {
    "id_candidate_seq": 40000000074,
    "id_candidate_num": 131,
    "cat_candidate_name": "FRANCISCO EDNALDO PRACIANO",
    "cat_state": "AM",
    "cat_party": "PT",
    "cat_coalition": "RENOVAÇÃO E EXPERIÊNCIA",
    "cat_composition": "PMDB / PP / PT / PDT / PTB / PPS / PRB / PSDC / PPL / PC do B",
    "cat_eletion_result": "NÃO ELEITO",
    "num_turn": 1,
    "num_votes": 549748,
    "cat_political_office": "Senador"
  },
  {
    "id_candidate_seq": 40000000489,
    "id_candidate_num": 555,
    "cat_candidate_name": "OMAR JOSE ABDEL AZIZ",
    "cat_state": "AM",
    "cat_party": "PSD",
    "cat_coalition": "FAZENDO MAIS POR NOSSA GENTE",
    "cat_composition": "PROS / DEM / PSL / PTN / PSC / PR / PRTB / PHS / PTC / PV / PRP / PSDB / PEN / PSD / SD / PT do B",
    "cat_eletion_result": "ELEITO",
    "num_turn": 1,
    "num_votes": 933996,
    "cat_political_office": "Senador"
  },
  {
    "id_candidate_seq": 40000000598,
    "id_candidate_num": 400,
    "cat_candidate_name": "MARCELO AUGUSTO DA EIRA CORREA",
    "cat_state": "AM",
    "cat_party": "PSB",
    "cat_coalition": "PARTIDO ISOLADO",
    "cat_composition": "PSB",
    "cat_eletion_result": "NÃO ELEITO",
    "num_turn": 1,
    "num_votes": 91428,
    "cat_political_office": "Senador"
  },
  {
    "id_candidate_seq": 40000000708,
    "id_candidate_num": 500,
    "cat_candidate_name": "MARCOS ANTONIO DE QUEIROZ",
    "cat_state": "AM",
    "cat_party": "PSOL",
    "cat_coalition": "PARTIDO ISOLADO",
    "cat_composition": "PSOL",
    "cat_eletion_result": "NÃO ELEITO",
    "num_turn": 1,
    "num_votes": 11234,
    "cat_political_office": "Senador"
  },
  {
    "id_candidate_seq": 40000000866,
    "id_candidate_num": 333,
    "cat_candidate_name": "JONATAS ALMEIDA DE OLIVEIRA",
    "cat_state": "AM",
    "cat_party": "PMN",
    "cat_coalition": "PARTIDO ISOLADO",
    "cat_composition": "PMN",
    "cat_eletion_result": "NÃO ELEITO",
    "num_turn": 1,
    "num_votes": 6830,
    "cat_political_office": "Senador"
  },
  {
    "id_candidate_seq": 50000000021,
    "id_candidate_num": 500,
    "cat_candidate_name": "HAMILTON MOREIRA DE ASSIS",
    "cat_state": "BA",
    "cat_party": "PSOL",
    "cat_coalition": "PARTIDO ISOLADO",
    "cat_composition": "PSOL",
    "cat_eletion_result": "NÃO ELEITO",
    "num_turn": 1,
    "num_votes": 54105,
    "cat_political_office": "Senador"
  },
  {
    "id_candidate_seq": 50000000177,
    "id_candidate_num": 400,
    "cat_candidate_name": "ELIANA CALMON ALVES",
    "cat_state": "BA",
    "cat_party": "PSB",
    "cat_coalition": "UM NOVO CAMINHO PARA  A BAHIA",
    "cat_composition": "PSB / PSL / PPL",
    "cat_eletion_result": "NÃO ELEITO",
    "num_turn": 1,
    "num_votes": 502928,
    "cat_political_office": "Senador"
  },
  {
    "id_candidate_seq": 50000000403,
    "id_candidate_num": 555,
    "cat_candidate_name": "OTTO ROBERTO MENDONCA DE ALENCAR",
    "cat_state": "BA",
    "cat_party": "PSD",
    "cat_coalition": "PRA BAHIA MUDAR MAIS",
    "cat_composition": "PT / PP / PSD / PDT / PR / PC do B / PTB / PMN",
    "cat_eletion_result": "ELEITO",
    "num_turn": 1,
    "num_votes": 3341111,
    "cat_political_office": "Senador"
  },
  {
    "id_candidate_seq": 50000000621,
    "id_candidate_num": 150,
    "cat_candidate_name": "GEDDEL QUADROS VIEIRA LIMA",
    "cat_state": "BA",
    "cat_party": "PMDB",
    "cat_coalition": "UNIDOS PELA BAHIA",
    "cat_composition": "DEM / PSDB / PMDB / SD / PTN / PROS / PRB / PSC / PTC / PV / PPS / PRP / PT do B / PSDC",
    "cat_eletion_result": "NÃO ELEITO",
    "num_turn": 1,
    "num_votes": 2064951,
    "cat_political_office": "Senador"
  },
  {
    "id_candidate_seq": 60000000091,
    "id_candidate_num": 400,
    "cat_candidate_name": "GEOVANA MARIA CARTAXO DE ARRUDA FREIRE",
    "cat_state": "CE",
    "cat_party": "PSB",
    "cat_coalition": "PARTIDO ISOLADO",
    "cat_composition": "PSB",
    "cat_eletion_result": "NÃO ELEITO",
    "num_turn": 1,
    "num_votes": 66895,
    "cat_political_office": "Senador"
  },
  {
    "id_candidate_seq": 60000000422,
    "id_candidate_num": 161,
    "cat_candidate_name": "RAQUEL DIAS ARAUJO",
    "cat_state": "CE",
    "cat_party": "PSTU",
    "cat_coalition": "FRENTE DE ESQUERDA SOCIALISTA",
    "cat_composition": "PSTU / PCB / PSOL",
    "cat_eletion_result": "NÃO ELEITO",
    "num_turn": 1,
    "num_votes": 42065,
    "cat_political_office": "Senador"
  },
  {
    "id_candidate_seq": 60000000605,
    "id_candidate_num": 456,
    "cat_candidate_name": "TASSO RIBEIRO JEREISSATI",
    "cat_state": "CE",
    "cat_party": "PSDB",
    "cat_coalition": "CEARÁ DE TODOS",
    "cat_composition": "PMDB / PSC / DEM / PSDC / PRP / PSDB / PR / PTN / PPS",
    "cat_eletion_result": "ELEITO",
    "num_turn": 1,
    "num_votes": 2314796,
    "cat_political_office": "Senador"
  },
  {
    "id_candidate_seq": 60000000765,
    "id_candidate_num": 900,
    "cat_candidate_name": "CARLOS MAURO BENEVIDES FILHO",
    "cat_state": "CE",
    "cat_party": "PROS",
    "cat_coalition": "PARA O CEARA SEGUIR MUDANDO",
    "cat_composition": "PRB / PP / PDT / PT / PTB / PSL / PRTB / PHS / PMN / PTC / PV / PEN / PPL / PSD / PC do B / PT do B / SD / PROS",
    "cat_eletion_result": "NÃO ELEITO",
    "num_turn": 1,
    "num_votes": 1573732,
    "cat_political_office": "Senador"
  },
  {
    "id_candidate_seq": 70000000146,
    "id_candidate_num": 144,
    "cat_candidate_name": "JORGE AFONSO ARGELLO",
    "cat_state": "DF",
    "cat_party": "PTB",
    "cat_coalition": "UNIÃO E FORÇA",
    "cat_composition": "PTB / PR / DEM / PRTB / PMN",
    "cat_eletion_result": "NÃO ELEITO",
    "num_turn": 1,
    "num_votes": 271525,
    "cat_political_office": "Senador"
  },
  {
    "id_candidate_seq": 70000000156,
    "id_candidate_num": 211,
    "cat_candidate_name": "JAMIL MAGARI",
    "cat_state": "DF",
    "cat_party": "PCB",
    "cat_coalition": "PARTIDO ISOLADO",
    "cat_composition": "PCB",
    "cat_eletion_result": "NÃO ELEITO",
    "num_turn": 1,
    "num_votes": 1028,
    "cat_political_office": "Senador"
  },
  {
    "id_candidate_seq": 70000000161,
    "id_candidate_num": 160,
    "cat_candidate_name": "ROBSON RAYMUNDO DA SILVA",
    "cat_state": "DF",
    "cat_party": "PSTU",
    "cat_coalition": "PARTIDO ISOLADO",
    "cat_composition": "PSTU",
    "cat_eletion_result": "NÃO ELEITO",
    "num_turn": 1,
    "num_votes": 3571,
    "cat_political_office": "Senador"
  },
  {
    "id_candidate_seq": 70000000181,
    "id_candidate_num": 500,
    "cat_candidate_name": "ALDEMARIO ARAUJO CASTRO",
    "cat_state": "DF",
    "cat_party": "PSOL",
    "cat_coalition": "PARTIDO ISOLADO",
    "cat_composition": "PSOL",
    "cat_eletion_result": "NÃO ELEITO",
    "num_turn": 1,
    "num_votes": 20697,
    "cat_political_office": "Senador"
  },
  {
    "id_candidate_seq": 70000000436,
    "id_candidate_num": 123,
    "cat_candidate_name": "JOSÉ ANTONIO MACHADO REGUFFE",
    "cat_state": "DF",
    "cat_party": "PDT",
    "cat_coalition": "SOMOS TODOS BRASÍLIA",
    "cat_composition": "PSB / SD / PDT / PSD",
    "cat_eletion_result": "ELEITO",
    "num_turn": 1,
    "num_votes": 826576,
    "cat_political_office": "Senador"
  },
  {
    "id_candidate_seq": 70000000812,
    "id_candidate_num": 290,
    "cat_candidate_name": "EXPEDITO CARNEIRO DE MENDONÇA",
    "cat_state": "DF",
    "cat_party": "PCO",
    "cat_coalition": "PARTIDO ISOLADO",
    "cat_composition": "PCO",
    "cat_eletion_result": "NÃO ELEITO",
    "num_turn": 1,
    "num_votes": 1172,
    "cat_political_office": "Senador"
  },
  {
    "id_candidate_seq": 70000000820,
    "id_candidate_num": 133,
    "cat_candidate_name": "GERALDO MAGELA PEREIRA",
    "cat_state": "DF",
    "cat_party": "PT",
    "cat_coalition": "RESPEITO POR BRASÍLIA",
    "cat_composition": "PT / PMDB / PRB / PC do B / PRP / PPL / PV / PP / PTN / PT do B / PSC / PROS / PTC / PSL / PHS / PEN",
    "cat_eletion_result": "NÃO ELEITO",
    "num_turn": 1,
    "num_votes": 269791,
    "cat_political_office": "Senador"
  },
  {
    "id_candidate_seq": 70000000986,
    "id_candidate_num": 456,
    "cat_candidate_name": "SANDRA SUELI QUEZADO SOARES",
    "cat_state": "DF",
    "cat_party": "PSDB",
    "cat_coalition": "SERIEDADE PARA MUDAR",
    "cat_composition": "PSDB / PPS / PSDC",
    "cat_eletion_result": "NÃO ELEITO",
    "num_turn": 1,
    "num_votes": 40506,
    "cat_political_office": "Senador"
  },
  {
    "id_candidate_seq": 80000000003,
    "id_candidate_num": 161,
    "cat_candidate_name": "RAPHAEL GÓES FURTADO",
    "cat_state": "ES",
    "cat_party": "PSTU",
    "cat_coalition": "FRENTE CLASSISTA E SOCIALISTA",
    "cat_composition": "PCB / PSTU",
    "cat_eletion_result": "NÃO ELEITO",
    "num_turn": 1,
    "num_votes": 10012,
    "cat_political_office": "Senador"
  },
  {
    "id_candidate_seq": 80000000397,
    "id_candidate_num": 131,
    "cat_candidate_name": "JOAO CARLOS COSER",
    "cat_state": "ES",
    "cat_party": "PT",
    "cat_coalition": "COM A FORÇA DO POVO CAPIXABA",
    "cat_composition": "PDT / PT",
    "cat_eletion_result": "NÃO ELEITO",
    "num_turn": 1,
    "num_votes": 338810,
    "cat_political_office": "Senador"
  },
  {
    "id_candidate_seq": 80000000426,
    "id_candidate_num": 156,
    "cat_candidate_name": "ROSILDA DE FREITAS",
    "cat_state": "ES",
    "cat_party": "PMDB",
    "cat_coalition": "O ESPIRITO SANTO PODE MUITO MAIS",
    "cat_composition": "PMDB / PSDB / DEM / SD / PEN / PROS / PRP",
    "cat_eletion_result": "ELEITO",
    "num_turn": 1,
    "num_votes": 776978,
    "cat_political_office": "Senador"
  },
  {
    "id_candidate_seq": 80000000484,
    "id_candidate_num": 500,
    "cat_candidate_name": "ANDRE LUIZ MOREIRA",
    "cat_state": "ES",
    "cat_party": "PSOL",
    "cat_coalition": "PARTIDO ISOLADO",
    "cat_composition": "PSOL",
    "cat_eletion_result": "NÃO ELEITO",
    "num_turn": 1,
    "num_votes": 32006,
    "cat_political_office": "Senador"
  },
  {
    "id_candidate_seq": 80000000762,
    "id_candidate_num": 433,
    "cat_candidate_name": "NEUCIMAR FERREIRA FRAGA",
    "cat_state": "ES",
    "cat_party": "PV",
    "cat_coalition": "PRA FRENTE ESPÍRITO SANTO",
    "cat_composition": "PSB / PSDC / PSL / PP / PRTB / PT do B / PPS / PR / PSC / PSD / PTC / PC do B / PV / PHS / PTN / PPL / PMN / PRB / PTB",
    "cat_eletion_result": "NÃO ELEITO",
    "num_turn": 1,
    "num_votes": 522920,
    "cat_political_office": "Senador"
  },
  {
    "id_candidate_seq": 90000000001,
    "id_candidate_num": 271,
    "cat_candidate_name": "ALDO MURO JUNIOR",
    "cat_state": "GO",
    "cat_party": "PSDC",
    "cat_coalition": "PARTIDO ISOLADO",
    "cat_composition": "PSDC",
    "cat_eletion_result": "NÃO ELEITO",
    "num_turn": 1,
    "num_votes": 9226,
    "cat_political_office": "Senador"
  },
  {
    "id_candidate_seq": 90000000026,
    "id_candidate_num": 401,
    "cat_candidate_name": "AGUIMAR JESUÍNO DA SILVA",
    "cat_state": "GO",
    "cat_party": "PSB",
    "cat_coalition": "PARTICIPAÇÃO POPULAR",
    "cat_composition": "PSB / PSC / PRP",
    "cat_eletion_result": "NÃO ELEITO",
    "num_turn": 1,
    "num_votes": 80120,
    "cat_political_office": "Senador"
  },
  {
    "id_candidate_seq": 90000000318,
    "id_candidate_num": 131,
    "cat_candidate_name": "MARINA PIGNATARO SANT'ANNA",
    "cat_state": "GO",
    "cat_party": "PT",
    "cat_coalition": "PARTIDO ISOLADO",
    "cat_composition": "PT",
    "cat_eletion_result": "NÃO ELEITO",
    "num_turn": 1,
    "num_votes": 298589,
    "cat_political_office": "Senador"
  },
  {
    "id_candidate_seq": 90000000512,
    "id_candidate_num": 500,
    "cat_candidate_name": "ELBER SAMPAIO",
    "cat_state": "GO",
    "cat_party": "PSOL",
    "cat_coalition": "PARTIDO ISOLADO",
    "cat_composition": "PSOL",
    "cat_eletion_result": "NÃO ELEITO",
    "num_turn": 1,
    "num_votes": 9503,
    "cat_political_office": "Senador"
  },
  {
    "id_candidate_seq": 90000000605,
    "id_candidate_num": 251,
    "cat_candidate_name": "RONALDO RAMOS CAIADO",
    "cat_state": "GO",
    "cat_party": "DEM",
    "cat_coalition": "AMOR POR GOIAS",
    "cat_composition": "PMDB / DEM / SD / PC do B / PRTB / PTN / PPL",
    "cat_eletion_result": "ELEITO",
    "num_turn": 1,
    "num_votes": 1283665,
    "cat_political_office": "Senador"
  },
  {
    "id_candidate_seq": 90000000640,
    "id_candidate_num": 551,
    "cat_candidate_name": "VILMAR DA SILVA ROCHA",
    "cat_state": "GO",
    "cat_party": "PSD",
    "cat_coalition": "GARANTIA DE UM FUTURO MELHOR PARA GOIÁS",
    "cat_composition": "PRB / PP / PDT / PTB / PSL / PR / PPS / PHS / PMN / PTC / PV / PSDB / PEN / PSD / PT do B / PROS",
    "cat_eletion_result": "NÃO ELEITO",
    "num_turn": 1,
    "num_votes": 1012496,
    "cat_political_office": "Senador"
  },
  {
    "id_candidate_seq": 100000000003,
    "id_candidate_num": 163,
    "cat_candidate_name": "MARCOS ANTONIO SILVA DO NASCIMENTO",
    "cat_state": "MA",
    "cat_party": "PSTU",
    "cat_coalition": "PARTIDO ISOLADO",
    "cat_composition": "PSTU",
    "cat_eletion_result": "NÃO ELEITO",
    "num_turn": 1,
    "num_votes": 48564,
    "cat_political_office": "Senador"
  },
  {
    "id_candidate_seq": 100000000016,
    "id_candidate_num": 400,
    "cat_candidate_name": "ROBERTO COELHO ROCHA",
    "cat_state": "MA",
    "cat_party": "PSB",
    "cat_coalition": "TODOS PELO MARANHÃO",
    "cat_composition": "PP / SD / PROS / PSDB / PC do B / PSB / PDT / PTC / PPS",
    "cat_eletion_result": "ELEITO",
    "num_turn": 1,
    "num_votes": 1476840,
    "cat_political_office": "Senador"
  },
  {
    "id_candidate_seq": 100000000134,
    "id_candidate_num": 541,
    "cat_candidate_name": "GERSON DOS SANTOS CARDOSO DA SILVA",
    "cat_state": "MA",
    "cat_party": "PPL",
    "cat_coalition": "PARTIDO ISOLADO",
    "cat_composition": "PPL",
    "cat_eletion_result": "NÃO ELEITO",
    "num_turn": 1,
    "num_votes": 6012,
    "cat_political_office": "Senador"
  },
  {
    "id_candidate_seq": 100000000199,
    "id_candidate_num": 500,
    "cat_candidate_name": "HAROLDO FREITAS PIRES DE SABOIA",
    "cat_state": "MA",
    "cat_party": "PSOL",
    "cat_coalition": "PARTIDO ISOLADO",
    "cat_composition": "PSOL",
    "cat_eletion_result": "NÃO ELEITO",
    "num_turn": 1,
    "num_votes": 51539,
    "cat_political_office": "Senador"
  },
  {
    "id_candidate_seq": 100000000379,
    "id_candidate_num": 151,
    "cat_candidate_name": "GASTÃO DIAS VIEIRA",
    "cat_state": "MA",
    "cat_party": "PMDB",
    "cat_coalition": "PRA FRENTE MARANHÃO",
    "cat_composition": "PMDB / PSL / PEN / PSDC / PRP / PTN / PMN / PSC / PHS / PRTB / PR / PRB / DEM / PSD / PV / PT / PTB / PT do B",
    "cat_eletion_result": "NÃO ELEITO",
    "num_turn": 1,
    "num_votes": 1283296,
    "cat_political_office": "Senador"
  },
  {
    "id_candidate_seq": 100000000536,
    "id_candidate_num": 212,
    "cat_candidate_name": "EVANDNILSON CONCEIÇÃO DE ANDRADE",
    "cat_state": "MA",
    "cat_party": "PCB",
    "cat_coalition": "PARTIDO ISOLADO",
    "cat_composition": "PCB",
    "cat_eletion_result": "NÃO ELEITO",
    "num_turn": 1,
    "num_votes": 6382,
    "cat_political_office": "Senador"
  },
  {
    "id_candidate_seq": 110000000029,
    "id_candidate_num": 500,
    "cat_candidate_name": "GILBERTO LOPES FILHO",
    "cat_state": "MT",
    "cat_party": "PSOL",
    "cat_coalition": "PARTIDO ISOLADO",
    "cat_composition": "PSOL",
    "cat_eletion_result": "NÃO ELEITO",
    "num_turn": 1,
    "num_votes": 16229,
    "cat_political_office": "Senador"
  },
  {
    "id_candidate_seq": 110000000159,
    "id_candidate_num": 555,
    "cat_candidate_name": "RUI CARLOS OTTONI PRADO",
    "cat_state": "MT",
    "cat_party": "PSD",
    "cat_coalition": "VIVA MATO GROSSO I",
    "cat_composition": "PSD / PTC / PTN / PEN / PRTB / SD",
    "cat_eletion_result": "NÃO ELEITO",
    "num_turn": 1,
    "num_votes": 137380,
    "cat_political_office": "Senador"
  },
  {
    "id_candidate_seq": 110000000293,
    "id_candidate_num": 222,
    "cat_candidate_name": "WELLINGTON ANTONIO FAGUNDES",
    "cat_state": "MT",
    "cat_party": "PR",
    "cat_coalition": "AMOR A NOSSA GENTE",
    "cat_composition": "PT / PMDB / PROS / PR / PC do B",
    "cat_eletion_result": "ELEITO",
    "num_turn": 1,
    "num_votes": 646344,
    "cat_political_office": "Senador"
  },
  {
    "id_candidate_seq": 110000000542,
    "id_candidate_num": 456,
    "cat_candidate_name": "JOSE ROGÉRIO SALLES",
    "cat_state": "MT",
    "cat_party": "PSDB",
    "cat_coalition": "CORAGEM E ATITUDE PRA MUDAR",
    "cat_composition": "PDT / PP / DEM / PSDB / PSB / PPS / PV / PTB / PSDC / PSC / PRP / PSL / PRB",
    "cat_eletion_result": "NÃO ELEITO",
    "num_turn": 1,
    "num_votes": 541357,
    "cat_political_office": "Senador"
  },
  {
    "id_candidate_seq": 120000000003,
    "id_candidate_num": 167,
    "cat_candidate_name": "VALDEMIR CASSIMIRO DE SOUZA",
    "cat_state": "MS",
    "cat_party": "PSTU",
    "cat_coalition": "PARTIDO ISOLADO",
    "cat_composition": "PSTU",
    "cat_eletion_result": "NÃO ELEITO",
    "num_turn": 1,
    "num_votes": 1435,
    "cat_political_office": "Senador"
  },
  {
    "id_candidate_seq": 120000000085,
    "id_candidate_num": 555,
    "cat_candidate_name": "ANTONIO JOAO HUGO RODRIGUES",
    "cat_state": "MS",
    "cat_party": "PSD",
    "cat_coalition": "NOVO TEMPO",
    "cat_composition": "PSDB / DEM / PSD / SD / PPS / PMN",
    "cat_eletion_result": "NÃO ELEITO",
    "num_turn": 1,
    "num_votes": 86971,
    "cat_political_office": "Senador"
  },
  {
    "id_candidate_seq": 120000000278,
    "id_candidate_num": 151,
    "cat_candidate_name": "SIMONE NASSAR TEBET",
    "cat_state": "MS",
    "cat_party": "PMDB",
    "cat_coalition": "MS CADA VEZ MELHOR",
    "cat_composition": "PMDB / PSB / PT do B / PSC / PHS / PRB / PRTB / PTN / PEN",
    "cat_eletion_result": "ELEITO",
    "num_turn": 1,
    "num_votes": 640336,
    "cat_political_office": "Senador"
  },
  {
    "id_candidate_seq": 120000000285,
    "id_candidate_num": 133,
    "cat_candidate_name": "RICARDO AYACHE",
    "cat_state": "MS",
    "cat_party": "PT",
    "cat_coalition": "MATO GROSSO DO SUL COM A FORÇA DE TODOS",
    "cat_composition": "PDT / PT / PSL / PR / PSDC / PV / PROS / PC do B / PTB / PTC / PPL / PRP",
    "cat_eletion_result": "NÃO ELEITO",
    "num_turn": 1,
    "num_votes": 281022,
    "cat_political_office": "Senador"
  },
  {
    "id_candidate_seq": 120000000440,
    "id_candidate_num": 111,
    "cat_candidate_name": "ALCIDES JESUS PERALTA BERNAL",
    "cat_state": "MS",
    "cat_party": "PP",
    "cat_coalition": "PARTIDO ISOLADO",
    "cat_composition": "PP",
    "cat_eletion_result": "NÃO ELEITO",
    "num_turn": 1,
    "num_votes": 204262,
    "cat_political_office": "Senador"
  },
  {
    "id_candidate_seq": 120000000483,
    "id_candidate_num": 500,
    "cat_candidate_name": "LUCIEN ROBERTO GARCIA DE REZENDE",
    "cat_state": "MS",
    "cat_party": "PSOL",
    "cat_coalition": "PARTIDO ISOLADO",
    "cat_composition": "PSOL",
    "cat_eletion_result": "NÃO ELEITO",
    "num_turn": 1,
    "num_votes": 3056,
    "cat_political_office": "Senador"
  },
  {
    "id_candidate_seq": 130000000295,
    "id_candidate_num": 161,
    "cat_candidate_name": "GERALDO DE ARAÚJO SILVA",
    "cat_state": "MG",
    "cat_party": "PSTU",
    "cat_coalition": "FRENTE DE ESQUERDA SOCIALISTA",
    "cat_composition": "PSTU / PSOL",
    "cat_eletion_result": "NÃO ELEITO",
    "num_turn": 1,
    "num_votes": 24676,
    "cat_political_office": "Senador"
  },
  {
    "id_candidate_seq": 130000000421,
    "id_candidate_num": 290,
    "cat_candidate_name": "MARIA DAS GRAÇAS SOUSA VIEIRA",
    "cat_state": "MG",
    "cat_party": "PCO",
    "cat_coalition": "PARTIDO ISOLADO",
    "cat_composition": "PCO",
    "cat_eletion_result": "NÃO ELEITO",
    "num_turn": 1,
    "num_votes": 7389,
    "cat_political_office": "Senador"
  },
  {
    "id_candidate_seq": 130000000532,
    "id_candidate_num": 270,
    "cat_candidate_name": "JOSE TARCISIO DOS SANTOS",
    "cat_state": "MG",
    "cat_party": "PSDC",
    "cat_coalition": "PARTIDO ISOLADO",
    "cat_composition": "PSDC",
    "cat_eletion_result": "NÃO ELEITO",
    "num_turn": 1,
    "num_votes": 21785,
    "cat_political_office": "Senador"
  },
  {
    "id_candidate_seq": 130000000910,
    "id_candidate_num": 150,
    "cat_candidate_name": "JOSUÉ CHRISTIANO GOMES DA SILVA",
    "cat_state": "MG",
    "cat_party": "PMDB",
    "cat_coalition": "MINAS PRA VOCÊ",
    "cat_composition": "PT / PMDB / PC do B / PROS / PRB",
    "cat_eletion_result": "NÃO ELEITO",
    "num_turn": 1,
    "num_votes": 3614720,
    "cat_political_office": "Senador"
  },
  {
    "id_candidate_seq": 130000001160,
    "id_candidate_num": 700,
    "cat_candidate_name": "EDILSON JOSE DO NASCIMENTO",
    "cat_state": "MG",
    "cat_party": "PT do B",
    "cat_coalition": "+MINAS",
    "cat_composition": "PT do B / PRP / PHS / PEN",
    "cat_eletion_result": "NÃO ELEITO",
    "num_turn": 1,
    "num_votes": 11300,
    "cat_political_office": "Senador"
  },
  {
    "id_candidate_seq": 130000001246,
    "id_candidate_num": 400,
    "cat_candidate_name": "MARGARIDA LUIZA DE MATOS VIEIRA",
    "cat_state": "MG",
    "cat_party": "PSB",
    "cat_coalition": "MINAS QUER MUDANÇA",
    "cat_composition": "PSB / PPL / PRTB",
    "cat_eletion_result": "NÃO ELEITO",
    "num_turn": 1,
    "num_votes": 192649,
    "cat_political_office": "Senador"
  },
  {
    "id_candidate_seq": 130000001760,
    "id_candidate_num": 210,
    "cat_candidate_name": "PABLO LUIZ DE OLIVEIRA LIMA",
    "cat_state": "MG",
    "cat_party": "PCB",
    "cat_coalition": "PARTIDO ISOLADO",
    "cat_composition": "PCB",
    "cat_eletion_result": "NÃO ELEITO",
    "num_turn": 1,
    "num_votes": 20183,
    "cat_political_office": "Senador"
  },
  {
    "id_candidate_seq": 130000001777,
    "id_candidate_num": 456,
    "cat_candidate_name": "ANTONIO AUGUSTO JUNHO ANASTASIA",
    "cat_state": "MG",
    "cat_party": "PSDB",
    "cat_coalition": "TODOS POR MINAS",
    "cat_composition": "PSDB / PP / DEM / PSD / PTB / PPS / PV / PDT / PR / PMN / PSC / PSL / PTC / SD",
    "cat_eletion_result": "ELEITO",
    "num_turn": 1,
    "num_votes": 5102987,
    "cat_political_office": "Senador"
  },
  {
    "id_candidate_seq": 140000000034,
    "id_candidate_num": 433,
    "cat_candidate_name": "SIMÃO HERNAN BENDAYAN",
    "cat_state": "PA",
    "cat_party": "PV",
    "cat_coalition": "PARTIDO ISOLADO",
    "cat_composition": "PV",
    "cat_eletion_result": "NÃO ELEITO",
    "num_turn": 1,
    "num_votes": 14058,
    "cat_political_office": "Senador"
  },
  {
    "id_candidate_seq": 140000000150,
    "id_candidate_num": 500,
    "cat_candidate_name": "PEDRO HOLANDA MAIA",
    "cat_state": "PA",
    "cat_party": "PSOL",
    "cat_coalition": "PARTIDO ISOLADO",
    "cat_composition": "PSOL",
    "cat_eletion_result": "NÃO ELEITO",
    "num_turn": 1,
    "num_votes": 28547,
    "cat_political_office": "Senador"
  },
  {
    "id_candidate_seq": 140000000153,
    "id_candidate_num": 161,
    "cat_candidate_name": "ANGELA SOARES DE AZEVEDO",
    "cat_state": "PA",
    "cat_party": "PSTU",
    "cat_coalition": "PARTIDO ISOLADO",
    "cat_composition": "PSTU",
    "cat_eletion_result": "NÃO ELEITO",
    "num_turn": 1,
    "num_votes": 10385,
    "cat_political_office": "Senador"
  },
  {
    "id_candidate_seq": 140000000211,
    "id_candidate_num": 777,
    "cat_candidate_name": "MARCELA GIOVANA GUSMÃO TOLENTINO DE MATOS",
    "cat_state": "PA",
    "cat_party": "SD",
    "cat_coalition": "PARTIDO ISOLADO",
    "cat_composition": "SD",
    "cat_eletion_result": "NÃO ELEITO",
    "num_turn": 1,
    "num_votes": 94387,
    "cat_political_office": "Senador"
  },
  {
    "id_candidate_seq": 140000000340,
    "id_candidate_num": 555,
    "cat_candidate_name": "HELENILSON CUNHA PONTES",
    "cat_state": "PA",
    "cat_party": "PSD",
    "cat_coalition": "PARTIDO ISOLADO",
    "cat_composition": "PSD",
    "cat_eletion_result": "NÃO ELEITO",
    "num_turn": 1,
    "num_votes": 313525,
    "cat_political_office": "Senador"
  },
  {
    "id_candidate_seq": 140000000650,
    "id_candidate_num": 131,
    "cat_candidate_name": "PAULO ROBERTO GALVAO DA ROCHA",
    "cat_state": "PA",
    "cat_party": "PT",
    "cat_coalition": "TODOS PELO PARA",
    "cat_composition": "PMDB / PT / DEM / PC do B / PHS / PSL / PROS / PDT / PPL / PTN / PR",
    "cat_eletion_result": "ELEITO",
    "num_turn": 1,
    "num_votes": 1566350,
    "cat_political_office": "Senador"
  },
  {
    "id_candidate_seq": 140000000796,
    "id_candidate_num": 111,
    "cat_candidate_name": "JEFFERSON ELY VALE DE LIMA",
    "cat_state": "PA",
    "cat_party": "PP",
    "cat_coalition": "PARTIDO ISOLADO",
    "cat_composition": "PP",
    "cat_eletion_result": "NÃO ELEITO",
    "num_turn": 1,
    "num_votes": 741427,
    "cat_political_office": "Senador"
  },
  {
    "id_candidate_seq": 140000000871,
    "id_candidate_num": 456,
    "cat_candidate_name": "MARIO COUTO FILHO",
    "cat_state": "PA",
    "cat_party": "PSDB",
    "cat_coalition": "PARTIDO ISOLADO",
    "cat_composition": "PSDB",
    "cat_eletion_result": "NÃO ELEITO",
    "num_turn": 1,
    "num_votes": 624401,
    "cat_political_office": "Senador"
  },
  {
    "id_candidate_seq": 150000000001,
    "id_candidate_num": 360,
    "cat_candidate_name": "WALTER CORREIA DE BRITO FILHO",
    "cat_state": "PB",
    "cat_party": "PTC",
    "cat_coalition": "PARTIDO ISOLADO",
    "cat_composition": "PTC",
    "cat_eletion_result": "NÃO ELEITO",
    "num_turn": 1,
    "num_votes": 11063,
    "cat_political_office": "Senador"
  },
  {
    "id_candidate_seq": 150000000022,
    "id_candidate_num": 500,
    "cat_candidate_name": "NELSON ALEIXO DA SILVA JÚNIOR",
    "cat_state": "PB",
    "cat_party": "PSOL",
    "cat_coalition": "PARTIDO ISOLADO",
    "cat_composition": "PSOL",
    "cat_eletion_result": "NÃO ELEITO",
    "num_turn": 1,
    "num_votes": 11502,
    "cat_political_office": "Senador"
  },
  {
    "id_candidate_seq": 150000000054,
    "id_candidate_num": 133,
    "cat_candidate_name": "LUCÉLIO CARTAXO PIRES DE SÁ",
    "cat_state": "PB",
    "cat_party": "PT",
    "cat_coalition": "A FORÇA DO TRABALHO",
    "cat_composition": "PSB / PT / PDT / DEM / PRTB / PRP / PV / PSL / PC do B / PHS / PPL",
    "cat_eletion_result": "NÃO ELEITO",
    "num_turn": 1,
    "num_votes": 521938,
    "cat_political_office": "Senador"
  },
  {
    "id_candidate_seq": 150000000158,
    "id_candidate_num": 155,
    "cat_candidate_name": "JOSÉ TARGINO MARANHÃO",
    "cat_state": "PB",
    "cat_party": "PMDB",
    "cat_coalition": "RENOVAÇÃO DE VERDADE",
    "cat_composition": "PMDB",
    "cat_eletion_result": "ELEITO",
    "num_turn": 1,
    "num_votes": 647271,
    "cat_political_office": "Senador"
  },
  {
    "id_candidate_seq": 150000000333,
    "id_candidate_num": 161,
    "cat_candidate_name": "SEVERINA DOS RAMOS SILVA DANTAS",
    "cat_state": "PB",
    "cat_party": "PSTU",
    "cat_coalition": "PARTIDO ISOLADO",
    "cat_composition": "PSTU",
    "cat_eletion_result": "NÃO ELEITO",
    "num_turn": 1,
    "num_votes": 1461,
    "cat_political_office": "Senador"
  },
  {
    "id_candidate_seq": 150000000372,
    "id_candidate_num": 900,
    "cat_candidate_name": "LEILA DE CÁSSIA TAVARES DA FONSECA",
    "cat_state": "PB",
    "cat_party": "PROS",
    "cat_coalition": "PARTIDO ISOLADO",
    "cat_composition": "PROS",
    "cat_eletion_result": "NÃO ELEITO",
    "num_turn": 1,
    "num_votes": 44627,
    "cat_political_office": "Senador"
  },
  {
    "id_candidate_seq": 150000000409,
    "id_candidate_num": 145,
    "cat_candidate_name": "JOSÉ WILSON SANTIAGO",
    "cat_state": "PB",
    "cat_party": "PTB",
    "cat_coalition": "A VONTADE DO POVO",
    "cat_composition": "PSDB / PEN / PR / PTB / PSD / SD / PMN / PPS / PT do B / PTN / PRB / PSDC / PSC / PP",
    "cat_eletion_result": "NÃO ELEITO",
    "num_turn": 1,
    "num_votes": 506093,
    "cat_political_office": "Senador"
  },
  {
    "id_candidate_seq": 160000000023,
    "id_candidate_num": 505,
    "cat_candidate_name": "LUIZ ROMEIRO PIVA",
    "cat_state": "PR",
    "cat_party": "PSOL",
    "cat_coalition": "PARTIDO ISOLADO",
    "cat_composition": "PSOL",
    "cat_eletion_result": "NÃO ELEITO",
    "num_turn": 1,
    "num_votes": 50905,
    "cat_political_office": "Senador"
  },
  {
    "id_candidate_seq": 160000000321,
    "id_candidate_num": 151,
    "cat_candidate_name": "MARCELO BELTRAO DE ALMEIDA",
    "cat_state": "PR",
    "cat_party": "PMDB",
    "cat_coalition": "PARANÁ COM GOVERNO",
    "cat_composition": "PMDB / PV / PPL",
    "cat_eletion_result": "NÃO ELEITO",
    "num_turn": 1,
    "num_votes": 465263,
    "cat_political_office": "Senador"
  },
  {
    "id_candidate_seq": 160000000560,
    "id_candidate_num": 456,
    "cat_candidate_name": "ALVARO FERNANDES DIAS",
    "cat_state": "PR",
    "cat_party": "PSDB",
    "cat_coalition": "TODOS PELO PARANÁ",
    "cat_composition": "PSDB / PROS / DEM / PSB / PSD / PTB / PP / PPS / PSC / PR / SD / PSL / PSDC / PMN / PHS / PEN / PT do B",
    "cat_eletion_result": "ELEITO",
    "num_turn": 1,
    "num_votes": 4101848,
    "cat_political_office": "Senador"
  },
  {
    "id_candidate_seq": 160000000636,
    "id_candidate_num": 282,
    "cat_candidate_name": "ADILSON DOS SANTOS SILVA",
    "cat_state": "PR",
    "cat_party": "PRTB",
    "cat_coalition": "PARTIDO ISOLADO",
    "cat_composition": "PRTB",
    "cat_eletion_result": "NÃO ELEITO",
    "num_turn": 1,
    "num_votes": 15720,
    "cat_political_office": "Senador"
  },
  {
    "id_candidate_seq": 160000000647,
    "id_candidate_num": 650,
    "cat_candidate_name": "RICARDO CRACHINESKI GOMYDE",
    "cat_state": "PR",
    "cat_party": "PC do B",
    "cat_coalition": "PARANÁ OLHANDO PRA FRENTE",
    "cat_composition": "PT / PDT / PC do B / PRB / PTN",
    "cat_eletion_result": "NÃO ELEITO",
    "num_turn": 1,
    "num_votes": 666438,
    "cat_political_office": "Senador"
  },
  {
    "id_candidate_seq": 160000001024,
    "id_candidate_num": 444,
    "cat_candidate_name": "MAURI VIANA PEREIRA",
    "cat_state": "PR",
    "cat_party": "PRP",
    "cat_coalition": "PARTIDO ISOLADO",
    "cat_composition": "PRP",
    "cat_eletion_result": "NÃO ELEITO",
    "num_turn": 1,
    "num_votes": 18073,
    "cat_political_office": "Senador"
  },
  {
    "id_candidate_seq": 160000001252,
    "id_candidate_num": 360,
    "cat_candidate_name": "LUIZ ANTONIO BARBARA",
    "cat_state": "PR",
    "cat_party": "PTC",
    "cat_coalition": "PARTIDO ISOLADO",
    "cat_composition": "PTC",
    "cat_eletion_result": "NÃO ELEITO",
    "num_turn": 1,
    "num_votes": 0,
    "cat_political_office": "Senador"
  },
  {
    "id_candidate_seq": 170000000005,
    "id_candidate_num": 162,
    "cat_candidate_name": "SIMONE FONTANA",
    "cat_state": "PE",
    "cat_party": "PSTU",
    "cat_coalition": "PARTIDO ISOLADO",
    "cat_composition": "PSTU",
    "cat_eletion_result": "NÃO ELEITO",
    "num_turn": 1,
    "num_votes": 5689,
    "cat_political_office": "Senador"
  },
  {
    "id_candidate_seq": 170000000015,
    "id_candidate_num": 211,
    "cat_candidate_name": "ANTONIO ELIAS PEREIRA",
    "cat_state": "PE",
    "cat_party": "PCB",
    "cat_coalition": "PARTIDO ISOLADO",
    "cat_composition": "PCB",
    "cat_eletion_result": "NÃO ELEITO",
    "num_turn": 1,
    "num_votes": 2370,
    "cat_political_office": "Senador"
  },
  {
    "id_candidate_seq": 170000000026,
    "id_candidate_num": 400,
    "cat_candidate_name": "FERNANDO BEZERRA DE SOUZA COELHO",
    "cat_state": "PE",
    "cat_party": "PSB",
    "cat_coalition": "FRENTE POPULAR DE PERNAMBUCO",
    "cat_composition": "PMDB / PC do B / PSB / PTC / PRP / PV / PTN / PR / PSD / PPS / PSDB / SD / PPL / DEM / PHS / PSDC / PROS / PP / PEN / PRTB / PSL",
    "cat_eletion_result": "ELEITO",
    "num_turn": 1,
    "num_votes": 2655912,
    "cat_political_office": "Senador"
  },
  {
    "id_candidate_seq": 170000000455,
    "id_candidate_num": 500,
    "cat_candidate_name": "ALBANISE PIRES FERREIRA DE AZEVEDO",
    "cat_state": "PE",
    "cat_party": "PSOL",
    "cat_coalition": "MOBILIZAÇÃO POR PODER POPULAR",
    "cat_composition": "PSOL / PMN",
    "cat_eletion_result": "NÃO ELEITO",
    "num_turn": 1,
    "num_votes": 27319,
    "cat_political_office": "Senador"
  },
  {
    "id_candidate_seq": 170000000651,
    "id_candidate_num": 130,
    "cat_candidate_name": "JOÃO PAULO LIMA E SILVA",
    "cat_state": "PE",
    "cat_party": "PT",
    "cat_coalition": "PERNAMBUCO VAI MAIS LONGE",
    "cat_composition": "PTB / PT / PSC / PDT / PRB / PT do B",
    "cat_eletion_result": "NÃO ELEITO",
    "num_turn": 1,
    "num_votes": 1436692,
    "cat_political_office": "Senador"
  },
  {
    "id_candidate_seq": 180000000003,
    "id_candidate_num": 160,
    "cat_candidate_name": "GERALDO DO NASCIMENTO CARVALHO",
    "cat_state": "PI",
    "cat_party": "PSTU",
    "cat_coalition": "PARTIDO ISOLADO",
    "cat_composition": "PSTU",
    "cat_eletion_result": "NÃO ELEITO",
    "num_turn": 1,
    "num_votes": 8274,
    "cat_political_office": "Senador"
  },
  {
    "id_candidate_seq": 180000000014,
    "id_candidate_num": 200,
    "cat_candidate_name": "GUSTAVO HENRIQUE LEITE FEIJÓ",
    "cat_state": "PI",
    "cat_party": "PSC",
    "cat_coalition": "PARTIDO ISOLADO",
    "cat_composition": "PSC",
    "cat_eletion_result": "NÃO ELEITO",
    "num_turn": 1,
    "num_votes": 19286,
    "cat_political_office": "Senador"
  },
  {
    "id_candidate_seq": 180000000033,
    "id_candidate_num": 544,
    "cat_candidate_name": "CLAUDIONOR CHAVES DE OLIVEIRA",
    "cat_state": "PI",
    "cat_party": "PPL",
    "cat_coalition": "PARTIDO ISOLADO",
    "cat_composition": "PPL",
    "cat_eletion_result": "NÃO ELEITO",
    "num_turn": 1,
    "num_votes": 3840,
    "cat_political_office": "Senador"
  },
  {
    "id_candidate_seq": 180000000046,
    "id_candidate_num": 400,
    "cat_candidate_name": "WILSON NUNES MARTINS",
    "cat_state": "PI",
    "cat_party": "PSB",
    "cat_coalition": "PIAUÍ NO CORAÇÃO",
    "cat_composition": "PMDB / PSDB / PSB / PRB / PDT / PSL / PTN / PPS / DEM / PSDC / PMN / PTC / PSD / PC do B / PT do B / PV / PEN",
    "cat_eletion_result": "NÃO ELEITO",
    "num_turn": 1,
    "num_votes": 562615,
    "cat_political_office": "Senador"
  },
  {
    "id_candidate_seq": 180000000238,
    "id_candidate_num": 141,
    "cat_candidate_name": "ELMANO FÉRRER DE ALMEIDA",
    "cat_state": "PI",
    "cat_party": "PTB",
    "cat_coalition": "A VITÓRIA COM A FORÇA DO POVO",
    "cat_composition": "PT / PP / PTB / PHS / PR / PROS / PRP / SD",
    "cat_eletion_result": "ELEITO",
    "num_turn": 1,
    "num_votes": 981219,
    "cat_political_office": "Senador"
  },
  {
    "id_candidate_seq": 190000000102,
    "id_candidate_num": 161,
    "cat_candidate_name": "HEITOR FERNANDES FILHO",
    "cat_state": "RJ",
    "cat_party": "PSTU",
    "cat_coalition": "PARTIDO ISOLADO",
    "cat_composition": "PSTU",
    "cat_eletion_result": "NÃO ELEITO",
    "num_turn": 1,
    "num_votes": 11444,
    "cat_political_office": "Senador"
  },
  {
    "id_candidate_seq": 190000000138,
    "id_candidate_num": 211,
    "cat_candidate_name": "EDUARDO GONÇALVES SERRA",
    "cat_state": "RJ",
    "cat_party": "PCB",
    "cat_coalition": "PARTIDO ISOLADO",
    "cat_composition": "PCB",
    "cat_eletion_result": "NÃO ELEITO",
    "num_turn": 1,
    "num_votes": 0,
    "cat_political_office": "Senador"
  },
  {
    "id_candidate_seq": 190000000410,
    "id_candidate_num": 500,
    "cat_candidate_name": "PEDRO ROSA CABRAL",
    "cat_state": "RJ",
    "cat_party": "PSOL",
    "cat_coalition": "PARTIDO ISOLADO",
    "cat_composition": "PSOL",
    "cat_eletion_result": "NÃO ELEITO",
    "num_turn": 1,
    "num_votes": 137652,
    "cat_political_office": "Senador"
  },
  {
    "id_candidate_seq": 190000000588,
    "id_candidate_num": 901,
    "cat_candidate_name": "LILIAM SÁ DE PAULA",
    "cat_state": "RJ",
    "cat_party": "PROS",
    "cat_coalition": "TRABALHISTA E REPUBLICANA",
    "cat_composition": "PROS / PR / PT do B",
    "cat_eletion_result": "NÃO ELEITO",
    "num_turn": 1,
    "num_votes": 507872,
    "cat_political_office": "Senador"
  },
  {
    "id_candidate_seq": 190000000675,
    "id_candidate_num": 400,
    "cat_candidate_name": "ROMÁRIO DE SOUZA FARIA",
    "cat_state": "RJ",
    "cat_party": "PSB",
    "cat_coalition": "COLIGAÇÃO FRENTE POPULAR",
    "cat_composition": "PT / PV / PSB / PC do B",
    "cat_eletion_result": "ELEITO",
    "num_turn": 1,
    "num_votes": 4683963,
    "cat_political_office": "Senador"
  },
  {
    "id_candidate_seq": 190000001408,
    "id_candidate_num": 100,
    "cat_candidate_name": "SEBASTIÃO NEVES",
    "cat_state": "RJ",
    "cat_party": "PRB",
    "cat_coalition": "PARTIDO ISOLADO",
    "cat_composition": "PRB",
    "cat_eletion_result": "NÃO ELEITO",
    "num_turn": 1,
    "num_votes": 301162,
    "cat_political_office": "Senador"
  },
  {
    "id_candidate_seq": 190000001651,
    "id_candidate_num": 255,
    "cat_candidate_name": "CESAR EPITACIO MAIA",
    "cat_state": "RJ",
    "cat_party": "DEM",
    "cat_coalition": "O RIO EM 1º LUGAR",
    "cat_composition": "PMDB / PP / PSC / PTB / PSL / PPS / PTN / DEM / PSDC / PRTB / PHS / PMN / PTC / PRP / PSDB / PEN / PSD / SD",
    "cat_eletion_result": "NÃO ELEITO",
    "num_turn": 1,
    "num_votes": 1514727,
    "cat_political_office": "Senador"
  },
  {
    "id_candidate_seq": 190000002501,
    "id_candidate_num": 123,
    "cat_candidate_name": "CARLOS ROBERTO LUPI",
    "cat_state": "RJ",
    "cat_party": "PDT",
    "cat_coalition": "PARTIDO ISOLADO",
    "cat_composition": "PDT",
    "cat_eletion_result": "NÃO ELEITO",
    "num_turn": 1,
    "num_votes": 228086,
    "cat_political_office": "Senador"
  },
  {
    "id_candidate_seq": 200000000003,
    "id_candidate_num": 161,
    "cat_candidate_name": "ANA CÉLIA SIQUEIRA FERREIRA",
    "cat_state": "RN",
    "cat_party": "PSTU",
    "cat_coalition": "PARTIDO ISOLADO",
    "cat_composition": "PSTU",
    "cat_eletion_result": "NÃO ELEITO",
    "num_turn": 1,
    "num_votes": 13253,
    "cat_political_office": "Senador"
  },
  {
    "id_candidate_seq": 200000000099,
    "id_candidate_num": 500,
    "cat_candidate_name": "LAILSON DE ALMEIDA",
    "cat_state": "RN",
    "cat_party": "PSOL",
    "cat_coalition": "PARTIDO ISOLADO",
    "cat_composition": "PSOL",
    "cat_eletion_result": "NÃO ELEITO",
    "num_turn": 1,
    "num_votes": 15164,
    "cat_political_office": "Senador"
  },
  {
    "id_candidate_seq": 200000000129,
    "id_candidate_num": 400,
    "cat_candidate_name": "WILMA MARIA DE FARIA",
    "cat_state": "RN",
    "cat_party": "PSB",
    "cat_coalition": "UNIÃO PELA MUDANÇA",
    "cat_composition": "PMDB / PR / PSB / PROS / PDT / SD / PSC / PTB / PPS / PHS / PSDB / PSDC / PRB / PTN / PV / PMN / PRP",
    "cat_eletion_result": "NÃO ELEITO",
    "num_turn": 1,
    "num_votes": 636896,
    "cat_political_office": "Senador"
  },
  {
    "id_candidate_seq": 200000000244,
    "id_candidate_num": 131,
    "cat_candidate_name": "MARIA DE FÁTIMA BEZERRA",
    "cat_state": "RN",
    "cat_party": "PT",
    "cat_coalition": "LIDERADOS PELO POVO",
    "cat_composition": "PSD / PT / PC do B / PT do B / PP / PEN / PRTB / PTC",
    "cat_eletion_result": "ELEITO",
    "num_turn": 1,
    "num_votes": 808055,
    "cat_political_office": "Senador"
  },
  {
    "id_candidate_seq": 210000000002,
    "id_candidate_num": 131,
    "cat_candidate_name": "OLÍVIO DE OLIVEIRA DUTRA",
    "cat_state": "RS",
    "cat_party": "PT",
    "cat_coalition": "UNIDADE POPULAR PELO RIO GRANDE",
    "cat_composition": "PT / PTC / PC do B / PROS / PPL / PTB / PR",
    "cat_eletion_result": "NÃO ELEITO",
    "num_turn": 1,
    "num_votes": 2024417,
    "cat_political_office": "Senador"
  },
  {
    "id_candidate_seq": 210000000067,
    "id_candidate_num": 160,
    "cat_candidate_name": "JULIO CEZAR LEIRIAS FLORES",
    "cat_state": "RS",
    "cat_party": "PSTU",
    "cat_coalition": "FRENTE DE ESQUERDA - PSOL / PSTU",
    "cat_composition": "PSOL / PSTU",
    "cat_eletion_result": "NÃO ELEITO",
    "num_turn": 1,
    "num_votes": 22301,
    "cat_political_office": "Senador"
  },
  {
    "id_candidate_seq": 210000000283,
    "id_candidate_num": 123,
    "cat_candidate_name": "LASIER COSTA MARTINS",
    "cat_state": "RS",
    "cat_party": "PDT",
    "cat_coalition": "O RIO GRANDE MERECE MAIS",
    "cat_composition": "PDT / PSC / DEM / PV / PEN",
    "cat_eletion_result": "ELEITO",
    "num_turn": 1,
    "num_votes": 2145479,
    "cat_political_office": "Senador"
  },
  {
    "id_candidate_seq": 210000000296,
    "id_candidate_num": 333,
    "cat_candidate_name": "CIRO CASTILHO MACHADO",
    "cat_state": "RS",
    "cat_party": "PMN",
    "cat_coalition": "PARTIDO ISOLADO",
    "cat_composition": "PMN",
    "cat_eletion_result": "NÃO ELEITO",
    "num_turn": 1,
    "num_votes": 6981,
    "cat_political_office": "Senador"
  },
  {
    "id_candidate_seq": 210000000313,
    "id_candidate_num": 444,
    "cat_candidate_name": "RUBENS GOLDENBERG",
    "cat_state": "RS",
    "cat_party": "PRP",
    "cat_coalition": "PARTIDO ISOLADO",
    "cat_composition": "PRP",
    "cat_eletion_result": "NÃO ELEITO",
    "num_turn": 1,
    "num_votes": 5818,
    "cat_political_office": "Senador"
  },
  {
    "id_candidate_seq": 210000000632,
    "id_candidate_num": 111,
    "cat_candidate_name": "SIMONE REGINA DIEFENTHAELER LEITE",
    "cat_state": "RS",
    "cat_party": "PP",
    "cat_coalition": "ESPERANÇA QUE UNE O RIO GRANDE",
    "cat_composition": "PP / PRB / PSDB / SD",
    "cat_eletion_result": "NÃO ELEITO",
    "num_turn": 1,
    "num_votes": 606329,
    "cat_political_office": "Senador"
  },
  {
    "id_candidate_seq": 210000001241,
    "id_candidate_num": 151,
    "cat_candidate_name": "PEDRO JORGE SIMON",
    "cat_state": "RS",
    "cat_party": "PMDB",
    "cat_coalition": "O NOVO CAMINHO PARA O RIO GRANDE",
    "cat_composition": "PMDB / PSD / PPS / PSB / PHS / PT do B / PSL / PSDC",
    "cat_eletion_result": "NÃO ELEITO",
    "num_turn": 1,
    "num_votes": 922143,
    "cat_political_office": "Senador"
  },
  {
    "id_candidate_seq": 220000000005,
    "id_candidate_num": 500,
    "cat_candidate_name": "ALUIZIO VIDAL FLOR",
    "cat_state": "RO",
    "cat_party": "PSOL",
    "cat_coalition": "FRENTE DE ESQUERDA PSOL/PSTU",
    "cat_composition": "PSOL / PSTU",
    "cat_eletion_result": "NÃO ELEITO",
    "num_turn": 1,
    "num_votes": 77865,
    "cat_political_office": "Senador"
  },
  {
    "id_candidate_seq": 220000000121,
    "id_candidate_num": 555,
    "cat_candidate_name": "RUBENS MOREIRA MENDES FILHO",
    "cat_state": "RO",
    "cat_party": "PSD",
    "cat_coalition": "FRENTE MUDA RONDÔNIA",
    "cat_composition": "PSDB / PSDC / PSD / PEN / PHS / PSC / PMN / PT do B / PRB / DEM",
    "cat_eletion_result": "NÃO ELEITO",
    "num_turn": 1,
    "num_votes": 193184,
    "cat_political_office": "Senador"
  },
  {
    "id_candidate_seq": 220000000189,
    "id_candidate_num": 123,
    "cat_candidate_name": "ACIR MARCOS GURGACZ",
    "cat_state": "RO",
    "cat_party": "PDT",
    "cat_coalition": "RONDONIA NO CAMINHO CERTO",
    "cat_composition": "PMDB / PDT / PSB / PTN / PTB / PC do B / PRTB / PSL / PRP",
    "cat_eletion_result": "ELEITO",
    "num_turn": 1,
    "num_votes": 312614,
    "cat_political_office": "Senador"
  },
  {
    "id_candidate_seq": 220000000277,
    "id_candidate_num": 111,
    "cat_candidate_name": "IVONE MEZZOMO CASSOL",
    "cat_state": "RO",
    "cat_party": "PP",
    "cat_coalition": "O RESPEITO ESTA DE VOLTA",
    "cat_composition": "PP / PR / PPS / PROS / PV / PTC",
    "cat_eletion_result": "NÃO ELEITO",
    "num_turn": 1,
    "num_votes": 160964,
    "cat_political_office": "Senador"
  },
  {
    "id_candidate_seq": 230000000002,
    "id_candidate_num": 144,
    "cat_candidate_name": "FRANCISCO MOZARILDO DE MELO CAVALCANTI",
    "cat_state": "RR",
    "cat_party": "PTB",
    "cat_coalition": "'SALVE RORAIMA'",
    "cat_composition": "PP / PTB / DEM",
    "cat_eletion_result": "NÃO ELEITO",
    "num_turn": 1,
    "num_votes": 25594,
    "cat_political_office": "Senador"
  },
  {
    "id_candidate_seq": 230000000006,
    "id_candidate_num": 456,
    "cat_candidate_name": "JOSE DE ANCHIETA JUNIOR",
    "cat_state": "RR",
    "cat_party": "PSDB",
    "cat_coalition": "PARTIDO ISOLADO",
    "cat_composition": "PSDB",
    "cat_eletion_result": "NÃO ELEITO",
    "num_turn": 1,
    "num_votes": 48309,
    "cat_political_office": "Senador"
  },
  {
    "id_candidate_seq": 230000000011,
    "id_candidate_num": 160,
    "cat_candidate_name": "DIONISIO ALVES DA SILVA",
    "cat_state": "RR",
    "cat_party": "PSTU",
    "cat_coalition": "ALTERNATIVA DE ESQUERDA PARA RORAIMA",
    "cat_composition": "PSOL / PSTU",
    "cat_eletion_result": "NÃO ELEITO",
    "num_turn": 1,
    "num_votes": 2562,
    "cat_political_office": "Senador"
  },
  {
    "id_candidate_seq": 230000000250,
    "id_candidate_num": 223,
    "cat_candidate_name": "LUCIANO DE SOUZA CASTRO",
    "cat_state": "RR",
    "cat_party": "PR",
    "cat_coalition": "PARTIDO ISOLADO",
    "cat_composition": "PR",
    "cat_eletion_result": "NÃO ELEITO",
    "num_turn": 1,
    "num_votes": 50118,
    "cat_political_office": "Senador"
  },
  {
    "id_candidate_seq": 230000000255,
    "id_candidate_num": 123,
    "cat_candidate_name": "TELMÁRIO MOTA DE OLIVEIRA",
    "cat_state": "RR",
    "cat_party": "PDT",
    "cat_coalition": "É PRA FRENTE QUE SE ANDA",
    "cat_composition": "PT / PDT / PC do B / PV / PTC",
    "cat_eletion_result": "ELEITO",
    "num_turn": 1,
    "num_votes": 96888,
    "cat_political_office": "Senador"
  },
  {
    "id_candidate_seq": 230000000346,
    "id_candidate_num": 545,
    "cat_candidate_name": "JOSY KEILA BERNARDES DE CARVALHO",
    "cat_state": "RR",
    "cat_party": "PPL",
    "cat_coalition": "PARTIDO ISOLADO",
    "cat_composition": "PPL",
    "cat_eletion_result": "NÃO ELEITO",
    "num_turn": 1,
    "num_votes": 11476,
    "cat_political_office": "Senador"
  },
  {
    "id_candidate_seq": 240000000059,
    "id_candidate_num": 500,
    "cat_candidate_name": "AMAURI SOARES",
    "cat_state": "SC",
    "cat_party": "PSOL",
    "cat_coalition": "PARTIDO ISOLADO",
    "cat_composition": "PSOL",
    "cat_eletion_result": "NÃO ELEITO",
    "num_turn": 1,
    "num_votes": 94846,
    "cat_political_office": "Senador"
  },
  {
    "id_candidate_seq": 240000000189,
    "id_candidate_num": 130,
    "cat_candidate_name": "MILTON MENDES DE OLIVEIRA",
    "cat_state": "SC",
    "cat_party": "PT",
    "cat_coalition": "PARTIDO ISOLADO",
    "cat_composition": "PT",
    "cat_eletion_result": "NÃO ELEITO",
    "num_turn": 1,
    "num_votes": 428000,
    "cat_political_office": "Senador"
  },
  {
    "id_candidate_seq": 240000000199,
    "id_candidate_num": 160,
    "cat_candidate_name": "ROSANE DE SOUZA",
    "cat_state": "SC",
    "cat_party": "PSTU",
    "cat_coalition": "PARTIDO ISOLADO",
    "cat_composition": "PSTU",
    "cat_eletion_result": "NÃO ELEITO",
    "num_turn": 1,
    "num_votes": 8191,
    "cat_political_office": "Senador"
  },
  {
    "id_candidate_seq": 240000000209,
    "id_candidate_num": 155,
    "cat_candidate_name": "DÁRIO ELIAS BERGER",
    "cat_state": "SC",
    "cat_party": "PMDB",
    "cat_coalition": "COLIGAÇÃO SANTA CATARINA EM PRIMEIRO LUGAR",
    "cat_composition": "PSD / PRB / PMDB / PR / PTB / PSC / PSDC / PROS / PV / PC do B / PDT / DEM",
    "cat_eletion_result": "ELEITO",
    "num_turn": 1,
    "num_votes": 1308521,
    "cat_political_office": "Senador"
  },
  {
    "id_candidate_seq": 240000000461,
    "id_candidate_num": 401,
    "cat_candidate_name": "PAULO ROBERTO BARRETO BORNHAUSEN",
    "cat_state": "SC",
    "cat_party": "PSB",
    "cat_coalition": "COLIGAÇÃO MUDA BRASIL; MUDA SANTA CATARINA",
    "cat_composition": "PP / PSL / PTN / PPS / PRTB / PHS / PTC / PSB / PSDB / PEN / PT do B / SD",
    "cat_eletion_result": "NÃO ELEITO",
    "num_turn": 1,
    "num_votes": 1172948,
    "cat_political_office": "Senador"
  },
  {
    "id_candidate_seq": 240000000500,
    "id_candidate_num": 333,
    "cat_candidate_name": "ALAN ALVES MOREIRA",
    "cat_state": "SC",
    "cat_party": "PMN",
    "cat_coalition": "COLIGAÇÃO SANTA CATARINA PARA TODOS!",
    "cat_composition": "PPL / PMN",
    "cat_eletion_result": "NÃO ELEITO",
    "num_turn": 1,
    "num_votes": 23436,
    "cat_political_office": "Senador"
  },
  {
    "id_candidate_seq": 250000000499,
    "id_candidate_num": 131,
    "cat_candidate_name": "EDUARDO MATARAZZO SUPLICY",
    "cat_state": "SP",
    "cat_party": "PT",
    "cat_coalition": "PARA MUDAR DE VERDADE",
    "cat_composition": "PT / PC do B / PR",
    "cat_eletion_result": "NÃO ELEITO",
    "num_turn": 1,
    "num_votes": 6176499,
    "cat_political_office": "Senador"
  },
  {
    "id_candidate_seq": 250000000898,
    "id_candidate_num": 430,
    "cat_candidate_name": "CARLOS ALBERTO DOS SANTOS",
    "cat_state": "SP",
    "cat_party": "PV",
    "cat_coalition": "PARTIDO ISOLADO",
    "cat_composition": "PV",
    "cat_eletion_result": "NÃO ELEITO",
    "num_turn": 1,
    "num_votes": 186598,
    "cat_political_office": "Senador"
  },
  {
    "id_candidate_seq": 250000001674,
    "id_candidate_num": 456,
    "cat_candidate_name": "JOSÉ SERRA",
    "cat_state": "SP",
    "cat_party": "PSDB",
    "cat_coalition": "AQUI É SÃO PAULO",
    "cat_composition": "PSDB / DEM / PEN / PMN / PT do B / PTC / PTN / SD / PPS / PRB / PSB / PSC / PSDC / PSL",
    "cat_eletion_result": "ELEITO",
    "num_turn": 1,
    "num_votes": 11105874,
    "cat_political_office": "Senador"
  },
  {
    "id_candidate_seq": 250000001855,
    "id_candidate_num": 161,
    "cat_candidate_name": "ANA LUIZA DE FIGUEIREDO GOMES",
    "cat_state": "SP",
    "cat_party": "PSTU",
    "cat_coalition": "FRENTE DE ESQUERDA",
    "cat_composition": "PSOL / PSTU",
    "cat_eletion_result": "NÃO ELEITO",
    "num_turn": 1,
    "num_votes": 101131,
    "cat_political_office": "Senador"
  },
  {
    "id_candidate_seq": 250000002089,
    "id_candidate_num": 555,
    "cat_candidate_name": "GILBERTO KASSAB",
    "cat_state": "SP",
    "cat_party": "PSD",
    "cat_coalition": "SÃO PAULO QUER O MELHOR",
    "cat_composition": "PMDB / PROS / PSD / PP / PDT",
    "cat_eletion_result": "NÃO ELEITO",
    "num_turn": 1,
    "num_votes": 1128582,
    "cat_political_office": "Senador"
  },
  {
    "id_candidate_seq": 250000002261,
    "id_candidate_num": 281,
    "cat_candidate_name": "RICARDO SIMON FLAQUER",
    "cat_state": "SP",
    "cat_party": "PRTB",
    "cat_coalition": "PARTIDO ISOLADO",
    "cat_composition": "PRTB",
    "cat_eletion_result": "NÃO ELEITO",
    "num_turn": 1,
    "num_votes": 14833,
    "cat_political_office": "Senador"
  },
  {
    "id_candidate_seq": 250000002562,
    "id_candidate_num": 140,
    "cat_candidate_name": "MARLENE OLIVEIRA DE CAMPOS MACHADO",
    "cat_state": "SP",
    "cat_party": "PTB",
    "cat_coalition": "PARTIDO ISOLADO",
    "cat_composition": "PTB",
    "cat_eletion_result": "NÃO ELEITO",
    "num_turn": 1,
    "num_votes": 330302,
    "cat_political_office": "Senador"
  },
  {
    "id_candidate_seq": 250000002955,
    "id_candidate_num": 441,
    "cat_candidate_name": "LUIZ FERNANDO AMARAL LUCAS",
    "cat_state": "SP",
    "cat_party": "PRP",
    "cat_coalition": "UNIDOS POR SÃO PAULO",
    "cat_composition": "PHS / PRP",
    "cat_eletion_result": "NÃO ELEITO",
    "num_turn": 1,
    "num_votes": 118758,
    "cat_political_office": "Senador"
  },
  {
    "id_candidate_seq": 260000000001,
    "id_candidate_num": 161,
    "cat_candidate_name": "EDIVALDO SOARES LEANDRO",
    "cat_state": "SE",
    "cat_party": "PSTU",
    "cat_coalition": "PARTIDO ISOLADO",
    "cat_composition": "PSTU",
    "cat_eletion_result": "NÃO ELEITO",
    "num_turn": 1,
    "num_votes": 26307,
    "cat_political_office": "Senador"
  },
  {
    "id_candidate_seq": 260000000036,
    "id_candidate_num": 212,
    "cat_candidate_name": "JOSÉ ANTÔNIO MARQUES DE OLIVEIRA",
    "cat_state": "SE",
    "cat_party": "PCB",
    "cat_coalition": "PARTIDO ISOLADO",
    "cat_composition": "PCB",
    "cat_eletion_result": "NÃO ELEITO",
    "num_turn": 1,
    "num_votes": 16669,
    "cat_political_office": "Senador"
  },
  {
    "id_candidate_seq": 260000000079,
    "id_candidate_num": 131,
    "cat_candidate_name": "ROGÉRIO CARVALHO SANTOS",
    "cat_state": "SE",
    "cat_party": "PT",
    "cat_coalition": "AGORA É O POVO",
    "cat_composition": "PT / PSD / PC do B / PRTB / PDT / PRP / PROS / PSDC / PMDB / PSB / PRB",
    "cat_eletion_result": "NÃO ELEITO",
    "num_turn": 1,
    "num_votes": 416988,
    "cat_political_office": "Senador"
  },
  {
    "id_candidate_seq": 260000000082,
    "id_candidate_num": 251,
    "cat_candidate_name": "MARIA DO CARMO DO NASCIMENTO ALVES",
    "cat_state": "SE",
    "cat_party": "DEM",
    "cat_coalition": "AGORA SIM",
    "cat_composition": "DEM / PSDB / PP / PT do B / PSC / PTC / PSL / PTB / SD / PV / PPS / PHS / PMN / PR / PEN",
    "cat_eletion_result": "ELEITO",
    "num_turn": 1,
    "num_votes": 448102,
    "cat_political_office": "Senador"
  },
  {
    "id_candidate_seq": 260000000264,
    "id_candidate_num": 543,
    "cat_candidate_name": "MOACIR CRUZ DOS SANTOS",
    "cat_state": "SE",
    "cat_party": "PPL",
    "cat_coalition": "PARTIDO ISOLADO",
    "cat_composition": "PPL",
    "cat_eletion_result": "NÃO ELEITO",
    "num_turn": 1,
    "num_votes": 8038,
    "cat_political_office": "Senador"
  },
  {
    "id_candidate_seq": 270000000002,
    "id_candidate_num": 211,
    "cat_candidate_name": "MARIA DA CONCEIÇÃO SILVA DE OLIVEIRA",
    "cat_state": "TO",
    "cat_party": "PCB",
    "cat_coalition": "PARTIDO ISOLADO",
    "cat_composition": "PCB",
    "cat_eletion_result": "NÃO ELEITO",
    "num_turn": 1,
    "num_votes": 4655,
    "cat_political_office": "Senador"
  },
  {
    "id_candidate_seq": 270000000011,
    "id_candidate_num": 155,
    "cat_candidate_name": "KATIA REGINA DE ABREU",
    "cat_state": "TO",
    "cat_party": "PMDB",
    "cat_coalition": "A EXPERIENCIA FAZ A MUDANÇA",
    "cat_composition": "PMDB / PT / PSD / PV",
    "cat_eletion_result": "ELEITO",
    "num_turn": 1,
    "num_votes": 282052,
    "cat_political_office": "Senador"
  },
  {
    "id_candidate_seq": 270000000124,
    "id_candidate_num": 900,
    "cat_candidate_name": "MANOEL ARAGÃO DA SILVA",
    "cat_state": "TO",
    "cat_party": "PROS",
    "cat_coalition": "REAGE TOCANTINS",
    "cat_composition": "PROS / PTN / PPL / PMN / PSDC / PC do B / PT do B",
    "cat_eletion_result": "NÃO ELEITO",
    "num_turn": 1,
    "num_votes": 107901,
    "cat_political_office": "Senador"
  },
  {
    "id_candidate_seq": 270000000281,
    "id_candidate_num": 777,
    "cat_candidate_name": "CARLOS EDUARDO TORRES GOMES",
    "cat_state": "TO",
    "cat_party": "SD",
    "cat_coalition": "A MUDANÇA QUE A GENTE VE",
    "cat_composition": "PRB / PP / PDT / PTB / PSL / PSC / PR / PPS / DEM / PRTB / PHS / PTC / PSB / PRP / PSDB / PEN / SD",
    "cat_eletion_result": "NÃO ELEITO",
    "num_turn": 1,
    "num_votes": 276120,
    "cat_political_office": "Senador"
  },
  {
    "id_candidate_seq": 270000000318,
    "id_candidate_num": 500,
    "cat_candidate_name": "ELVIO QUIRINO PEREIRA",
    "cat_state": "TO",
    "cat_party": "PSOL",
    "cat_coalition": "PARTIDO ISOLADO",
    "cat_composition": "PSOL",
    "cat_eletion_result": "NÃO ELEITO",
    "num_turn": 1,
    "num_votes": 6565,
    "cat_political_office": "Senador"
  }
]